{
"type": "FeatureCollection",
"name": "BARRIOS",
"crs": { "type": "name", "properties": { "name": "urn:ogc:def:crs:EPSG::3116" } },
"features": [
{ "type": "Feature", "properties": { "NOM_BARRIO": "LOS ALMENDROS", "BARRIO": "045", "PK_BARRIO": "1541001045", "MUNICIPIO": "154", "SECTOR": "1", "CORREGIMIE": "001", "SHAPE_Leng": 2547.2889205699998, "SHAPE_Area": 192633.88786399999 }, "geometry": { "type": "MultiPolygon", "coordinates": [ [ [ [ 875573.155341579578817, 1376435.615529829636216 ], [ 875660.797141579911113, 1376309.412929829210043 ], [ 875739.757941579446197, 1376231.370329830795527 ], [ 875813.758341579698026, 1376222.866329830139875 ], [ 875831.357741579413414, 1376229.599929830059409 ], [ 875894.503541579470038, 1376250.029329830780625 ], [ 875983.501741579733789, 1376279.499729830771685 ], [ 876069.182941579259932, 1376305.639129830524325 ], [ 876159.676941579207778, 1376413.132129829376936 ], [ 876159.649341579526663, 1376410.829329829663038 ], [ 876159.547141579911113, 1376402.248129829764366 ], [ 876158.643141579814255, 1376394.596529830247164 ], [ 876158.009541579522192, 1376388.891329830512404 ], [ 876156.911341579630971, 1376379.00452983006835 ], [ 876156.302941579371691, 1376373.525329830124974 ], [ 876155.532741579227149, 1376367.931129829958081 ], [ 876155.236341579817235, 1376365.7773298304528 ], [ 876154.650341579690576, 1376361.52032982930541 ], [ 876153.208941579796374, 1376351.05072982981801 ], [ 876149.352541579864919, 1376329.19992982968688 ], [ 876148.86514157988131, 1376324.595529830083251 ], [ 876149.762141579762101, 1376324.49412983097136 ], [ 876149.011341579258442, 1376318.495129829272628 ], [ 876148.068741579540074, 1376310.96372983045876 ], [ 876146.787741580046713, 1376300.726929830387235 ], [ 876147.506941579282284, 1376300.638329830020666 ], [ 876146.293941579759121, 1376291.035129830241203 ], [ 876145.159741579554975, 1376282.056329829618335 ], [ 876144.258341579698026, 1376273.973329830914736 ], [ 876143.162741580046713, 1376264.149729829281569 ], [ 876143.668541579507291, 1376264.10812982916832 ], [ 876143.176541579887271, 1376259.392529830336571 ], [ 876143.648541579954326, 1376259.344129830598831 ], [ 876143.167941579595208, 1376254.812929829582572 ], [ 876141.360141579993069, 1376255.0121298301965 ], [ 876140.577341579832137, 1376247.109729830175638 ], [ 876142.154141579754651, 1376246.922729829326272 ], [ 876141.483541579917073, 1376240.084129830822349 ], [ 876140.770741580054164, 1376232.282929830253124 ], [ 876139.84414157923311, 1376224.65092983096838 ], [ 876138.39834157936275, 1376224.825729830190539 ], [ 876137.473741579800844, 1376217.862329829484224 ], [ 876139.051941579207778, 1376217.692529829218984 ], [ 876138.300341580063105, 1376210.32352983020246 ], [ 876139.068141579627991, 1376210.242129830643535 ], [ 876138.43594157975167, 1376205.288129830732942 ], [ 876137.829141579568386, 1376200.53552982956171 ], [ 876137.07034157961607, 1376194.589729830622673 ], [ 876136.200341579504311, 1376187.774329829961061 ], [ 876135.234541580080986, 1376179.385129829868674 ], [ 876134.012941579334438, 1376168.775329830124974 ], [ 876133.089941579848528, 1376160.758729830384254 ], [ 876132.435541579499841, 1376155.047329830005765 ], [ 876130.897741579450667, 1376141.629729829728603 ], [ 876130.323141579516232, 1376135.868729829788208 ], [ 876129.325341579504311, 1376125.867729829624295 ], [ 876128.434541579335928, 1376125.931129829958081 ], [ 876127.774541580118239, 1376119.716329829767346 ], [ 876126.435341579839587, 1376107.106329830363393 ], [ 876127.276941579766572, 1376106.980129830539227 ], [ 876127.23474157974124, 1376105.697929829359055 ], [ 876131.715341580100358, 1376105.193329829722643 ], [ 876133.362941579893231, 1376105.007929829880595 ], [ 876130.285941579379141, 1376082.706729829311371 ], [ 876126.028741579502821, 1376067.655529830604792 ], [ 876124.607141579501331, 1376062.630129830911756 ], [ 876113.408941579982638, 1375968.677329830825329 ], [ 875949.025341579690576, 1375993.460529830306768 ], [ 875865.854741579852998, 1376006.679529830813408 ], [ 875815.360741579905152, 1376015.374129829928279 ], [ 875815.939141579903662, 1376019.871529830619693 ], [ 875823.691541579551995, 1376104.176929829642177 ], [ 875340.342941579408944, 1376163.834329830482602 ], [ 875340.895941579714417, 1376173.80912983044982 ], [ 875351.404341579414904, 1376363.372129829600453 ], [ 875361.083541579544544, 1376362.872129829600453 ], [ 875387.220941579900682, 1376371.811129830777645 ], [ 875404.553541579283774, 1376378.153929829597473 ], [ 875427.09454157948494, 1376386.540329830721021 ], [ 875453.129341579973698, 1376393.553529830649495 ], [ 875471.364141579717398, 1376396.51072983071208 ], [ 875483.571941579692066, 1376396.223929829895496 ], [ 875493.465941580012441, 1376423.311729829758406 ], [ 875510.70114158000797, 1376424.252329830080271 ], [ 875515.483141579665244, 1376438.536929830908775 ], [ 875573.155341579578817, 1376435.615529829636216 ] ] ] ] } },
{ "type": "Feature", "properties": { "NOM_BARRIO": "SAN JOSE", "BARRIO": "041", "PK_BARRIO": "1541001041", "MUNICIPIO": "154", "SECTOR": "1", "CORREGIMIE": "001", "SHAPE_Leng": 1495.0667039, "SHAPE_Area": 113370.757073 }, "geometry": { "type": "MultiPolygon", "coordinates": [ [ [ [ 876696.576941579580307, 1376737.503729829564691 ], [ 876786.098541579209268, 1376564.869329830631614 ], [ 876754.642741579562426, 1376553.110729830339551 ], [ 876761.613941580057144, 1376519.428929829970002 ], [ 876770.180541579611599, 1376455.19232982955873 ], [ 876772.517341579310596, 1376434.258329829201102 ], [ 876655.748541579581797, 1376408.115929830819368 ], [ 876655.72534157987684, 1376408.098329830914736 ], [ 876653.64874157961458, 1376414.642529830336571 ], [ 876624.967941579408944, 1376411.57492982968688 ], [ 876621.799941579811275, 1376410.974729830399156 ], [ 876609.371341579593718, 1376408.62052983045578 ], [ 876590.125141579657793, 1376403.981529830023646 ], [ 876523.991141580045223, 1376387.302729830145836 ], [ 876523.574341579340398, 1376388.236929830163717 ], [ 876514.512741579674184, 1376385.514729829505086 ], [ 876465.935541579499841, 1376466.208529829978943 ], [ 876478.681141579523683, 1376570.938729830086231 ], [ 876480.136541579850018, 1376594.23932982981205 ], [ 876480.84994157962501, 1376605.661129830405116 ], [ 876476.886341579258442, 1376605.574729830026627 ], [ 876474.37454157974571, 1376605.465729830786586 ], [ 876473.439741579815745, 1376605.42512983083725 ], [ 876473.455341579392552, 1376607.922929830849171 ], [ 876473.516541579738259, 1376617.665529830381274 ], [ 876473.550541579723358, 1376623.060929829254746 ], [ 876453.65634157974273, 1376622.53492983058095 ], [ 876450.71014157962054, 1376631.166729830205441 ], [ 876448.608541579917073, 1376636.180529830977321 ], [ 876445.660141579806805, 1376643.21452983096242 ], [ 876444.318141579627991, 1376646.416129829362035 ], [ 876447.483141579665244, 1376647.136529829353094 ], [ 876446.698141579516232, 1376649.441129829734564 ], [ 876444.801941579207778, 1376655.008129829540849 ], [ 876440.602341579273343, 1376662.490329829975963 ], [ 876438.930541579611599, 1376667.579929830506444 ], [ 876438.728941579349339, 1376668.193929830566049 ], [ 876433.383341579698026, 1376674.372129829600453 ], [ 876432.084941579960287, 1376675.872529830783606 ], [ 876427.407341579906642, 1376682.845729829743505 ], [ 876425.664141579531133, 1376688.034129830077291 ], [ 876426.152141579426825, 1376690.340529829263687 ], [ 876435.184141580015421, 1376700.02872982993722 ], [ 876430.973941579461098, 1376708.086929829791188 ], [ 876428.436941579915583, 1376713.004329830408096 ], [ 876426.944541580043733, 1376715.896929830312729 ], [ 876430.798141580075026, 1376718.656129829585552 ], [ 876432.556741579435766, 1376719.915529830381274 ], [ 876432.790741579607129, 1376720.083129830658436 ], [ 876436.542141580022871, 1376722.769129829481244 ], [ 876439.211541580036283, 1376724.680529830977321 ], [ 876440.25854157935828, 1376725.430129829794168 ], [ 876448.775741579942405, 1376731.52872982993722 ], [ 876451.926541579887271, 1376733.784729830920696 ], [ 876455.075141579844058, 1376728.582329830154777 ], [ 876458.026141579262912, 1376730.333529829978943 ], [ 876464.483541579917073, 1376734.315129829570651 ], [ 876465.182341579347849, 1376735.283929830417037 ], [ 876469.210941579192877, 1376737.993929829448462 ], [ 876498.088741580024362, 1376755.856529830023646 ], [ 876518.32754157949239, 1376756.475529830902815 ], [ 876509.964341579936445, 1376782.280129829421639 ], [ 876508.442741579376161, 1376784.835329830646515 ], [ 876514.022141579538584, 1376788.711329830810428 ], [ 876518.446141580119729, 1376792.00452983006835 ], [ 876524.370541580021381, 1376798.266329830512404 ], [ 876533.215941580012441, 1376809.400129830464721 ], [ 876542.403341579250991, 1376820.535329829901457 ], [ 876550.559741579927504, 1376833.032529830932617 ], [ 876557.133941579610109, 1376842.416329830884933 ], [ 876569.143341579474509, 1376860.780929829925299 ], [ 876574.293941579759121, 1376867.69712983071804 ], [ 876599.227741579525173, 1376897.683929830789566 ], [ 876608.561541579663754, 1376907.233329830691218 ], [ 876609.84314158000052, 1376904.7621298301965 ], [ 876650.21194157935679, 1376826.914329830557108 ], [ 876676.21954157948494, 1376776.760929830372334 ], [ 876696.576941579580307, 1376737.503729829564691 ] ] ] ] } },
{ "type": "Feature", "properties": { "NOM_BARRIO": "EL FERRI", "BARRIO": "031", "PK_BARRIO": "1541001031", "MUNICIPIO": "154", "SECTOR": "1", "CORREGIMIE": "001", "SHAPE_Leng": 1532.52218371, "SHAPE_Area": 55325.164288300002 }, "geometry": { "type": "MultiPolygon", "coordinates": [ [ [ [ 877287.262941579334438, 1375597.571129830554128 ], [ 877275.143141579814255, 1375589.51072983071208 ], [ 877264.715141579508781, 1375580.181129829958081 ], [ 877241.252141579985619, 1375558.91812982968986 ], [ 877219.309741579927504, 1375543.296329829841852 ], [ 877197.995541580021381, 1375530.30152983032167 ], [ 877178.572141579352319, 1375523.544729830697179 ], [ 877143.217341579496861, 1375513.30072982981801 ], [ 877126.194541580043733, 1375506.979929830878973 ], [ 877076.968741579912603, 1375494.604329830035567 ], [ 877032.390141579322517, 1375480.092129830271006 ], [ 876994.707741579972208, 1375471.48312982916832 ], [ 876973.034141579642892, 1375468.7773298304528 ], [ 876921.875141579657793, 1375467.693929830566049 ], [ 876920.202141579240561, 1375523.253729829564691 ], [ 876914.76434157975018, 1375555.419929830357432 ], [ 876897.166541580110788, 1375615.794329829514027 ], [ 876883.969341579824686, 1375650.062729829922318 ], [ 876858.630541579797864, 1375715.436529830098152 ], [ 876892.119541579857469, 1375730.459129830822349 ], [ 876926.022341579198837, 1375740.719329830259085 ], [ 876939.377941579557955, 1375746.362529831007123 ], [ 876944.51474158000201, 1375749.953529831022024 ], [ 876927.563341579400003, 1375804.845729829743505 ], [ 876919.042441579513252, 1375826.7925298307091 ], [ 876917.873141579329967, 1375829.804129829630256 ], [ 876922.388141579926014, 1375831.585929829627275 ], [ 876991.454741579480469, 1375858.845329830422997 ], [ 876995.644341579638422, 1375847.448929829522967 ], [ 876998.932941579259932, 1375835.832329830154777 ], [ 877001.300141579471529, 1375824.070529829710722 ], [ 877006.009741580113769, 1375801.994929829612374 ], [ 877012.222741579636931, 1375776.689129829406738 ], [ 877014.983141579665244, 1375762.624329829588532 ], [ 877014.692141579464078, 1375762.547729829326272 ], [ 877015.271741579286754, 1375759.217929830774665 ], [ 877016.227941580116749, 1375736.712529830634594 ], [ 877002.083741579204798, 1375732.563129829242826 ], [ 877005.132941579446197, 1375721.578529831022024 ], [ 877008.018741579726338, 1375722.506729830056429 ], [ 877009.127341579645872, 1375718.828129829838872 ], [ 877009.669141579419374, 1375714.439329830929637 ], [ 877010.529141579754651, 1375707.47132983058691 ], [ 877012.496741579845548, 1375691.528529830276966 ], [ 877013.248541579581797, 1375685.089729830622673 ], [ 877014.522341579198837, 1375674.179729830473661 ], [ 877008.226141579449177, 1375672.518729830160737 ], [ 877009.878741580061615, 1375666.994929829612374 ], [ 877009.615341579541564, 1375666.919929830357432 ], [ 877011.663341579958797, 1375661.393729830160737 ], [ 877011.666141579858959, 1375661.386529829353094 ], [ 877014.283941579982638, 1375654.639929829165339 ], [ 877013.627541579306126, 1375653.719729829579592 ], [ 877018.470741579309106, 1375650.299929829314351 ], [ 877023.29754157923162, 1375646.891529830172658 ], [ 877024.435741580091417, 1375646.15292982943356 ], [ 877029.53054157923907, 1375642.846729829907417 ], [ 877029.04654157999903, 1375642.02112982980907 ], [ 877056.564741579815745, 1375621.421729829162359 ], [ 877055.915941579267383, 1375620.672729829326272 ], [ 877062.049141579307616, 1375615.275529829785228 ], [ 877068.32034157961607, 1375608.945929830893874 ], [ 877069.435541579499841, 1375609.830129830166698 ], [ 877075.100741579197347, 1375603.528129830956459 ], [ 877094.649141579866409, 1375581.781329829245806 ], [ 877101.834341580048203, 1375573.743329830467701 ], [ 877122.371141579933465, 1375547.960129830986261 ], [ 877126.631541579961777, 1375542.583129830658436 ], [ 877130.148541579954326, 1375538.144129829481244 ], [ 877133.895141579210758, 1375533.415529830381274 ], [ 877134.272141579538584, 1375533.650129830464721 ], [ 877136.301741579547524, 1375527.766529830172658 ], [ 877139.700141579844058, 1375528.965329829603434 ], [ 877142.880141579546034, 1375530.16052982956171 ], [ 877146.848141579888761, 1375531.651929829269648 ], [ 877148.927541580051184, 1375532.45692983083427 ], [ 877151.49774158000946, 1375533.452129829674959 ], [ 877156.614541579969227, 1375535.512529829517007 ], [ 877159.922341579571366, 1375536.988329829648137 ], [ 877159.849341579712927, 1375537.171129830181599 ], [ 877163.607341580092907, 1375538.567929830402136 ], [ 877165.786941579543054, 1375539.544729830697179 ], [ 877165.689141579903662, 1375539.702729830518365 ], [ 877168.535141579806805, 1375540.80692983046174 ], [ 877168.681341580115259, 1375540.44172983057797 ], [ 877171.34414157923311, 1375541.636129830032587 ], [ 877171.048541579395533, 1375542.146329829469323 ], [ 877172.616341579705477, 1375542.820329830050468 ], [ 877172.515941579826176, 1375543.077129829674959 ], [ 877177.217141579836607, 1375545.147729830816388 ], [ 877177.658141579478979, 1375544.032129829749465 ], [ 877180.790341579355299, 1375545.360529830679297 ], [ 877180.532541579566896, 1375545.90292982943356 ], [ 877184.319541580043733, 1375547.89612982980907 ], [ 877188.853141579777002, 1375550.282129829749465 ], [ 877188.13214157987386, 1375551.767929829657078 ], [ 877192.14114157948643, 1375553.7925298307091 ], [ 877196.253941579721868, 1375555.869529830291867 ], [ 877197.793141579255462, 1375556.646929830312729 ], [ 877197.607341580092907, 1375556.985929829999804 ], [ 877200.323141579516232, 1375558.323329830542207 ], [ 877200.576341579668224, 1375557.813129829242826 ], [ 877201.63354157935828, 1375558.355529829859734 ], [ 877205.836541580036283, 1375560.738929830491543 ], [ 877209.466941579245031, 1375562.686529830098152 ], [ 877209.681941580027342, 1375562.403129830956459 ], [ 877211.74954157974571, 1375563.6371298301965 ], [ 877212.09454157948494, 1375562.941529830917716 ], [ 877220.200741579756141, 1375566.926129831001163 ], [ 877227.785541580058634, 1375568.636329829692841 ], [ 877231.191941579803824, 1375571.329329829663038 ], [ 877231.45114158000797, 1375571.021729830652475 ], [ 877232.630141579546034, 1375572.0273298304528 ], [ 877232.138941579498351, 1375572.630529830232263 ], [ 877235.821541579440236, 1375575.512529829517007 ], [ 877235.496741579845548, 1375576.012929830700159 ], [ 877239.257741579785943, 1375579.530729830265045 ], [ 877242.789941580034792, 1375582.641929829493165 ], [ 877246.319541580043733, 1375585.820129830390215 ], [ 877244.332141580060124, 1375588.172329830005765 ], [ 877248.119941580109298, 1375591.23312982916832 ], [ 877249.35754157975316, 1375589.742929829284549 ], [ 877252.668541579507291, 1375593.247929830104113 ], [ 877256.02954158000648, 1375596.761129830032587 ], [ 877257.851341580040753, 1375598.665329830721021 ], [ 877258.569541580043733, 1375598.024129830300808 ], [ 877272.078741579316556, 1375613.286529829725623 ], [ 877276.303941579535604, 1375619.552529830485582 ], [ 877286.679941579699516, 1375599.54312982968986 ], [ 877286.87494157999754, 1375598.232129830867052 ], [ 877287.262941579334438, 1375597.571129830554128 ] ] ] ] } },
{ "type": "Feature", "properties": { "NOM_BARRIO": "EL POBLADO", "BARRIO": "015", "PK_BARRIO": "1541001015", "MUNICIPIO": "154", "SECTOR": "1", "CORREGIMIE": "001", "SHAPE_Leng": 985.61553654800002, "SHAPE_Area": 57637.350881600003 }, "geometry": { "type": "MultiPolygon", "coordinates": [ [ [ [ 876779.94354157987982, 1374389.410329829901457 ], [ 876783.587341579608619, 1374378.565329829230905 ], [ 876790.403941580094397, 1374360.893929829820991 ], [ 876800.505141579546034, 1374332.681529829278588 ], [ 876810.763741579838097, 1374304.366729829460382 ], [ 876829.440541579388082, 1374250.492929829284549 ], [ 876832.350141579285264, 1374242.100129829719663 ], [ 876843.606741579249501, 1374203.586329830810428 ], [ 876865.18594157975167, 1374126.729929830878973 ], [ 876869.211341579444706, 1374112.393129829317331 ], [ 876871.240541579201818, 1374105.215329829603434 ], [ 876874.214941579848528, 1374096.973729830235243 ], [ 876838.682541579939425, 1374083.824729830026627 ], [ 876805.992141579277813, 1374071.727329829707742 ], [ 876775.833941579796374, 1374060.567129829898477 ], [ 876773.565941579639912, 1374062.43412983044982 ], [ 876771.190941579639912, 1374063.192129829898477 ], [ 876768.111941579729319, 1374063.1371298301965 ], [ 876765.35794158000499, 1374062.036129830405116 ], [ 876764.369941580109298, 1374060.193129830062389 ], [ 876761.517941579222679, 1374057.17712982930243 ], [ 876759.465941580012441, 1374054.015129830688238 ], [ 876757.528941580094397, 1374052.086129829287529 ], [ 876753.641941579990089, 1374050.854129830375314 ], [ 876750.639941579662263, 1374050.170129830017686 ], [ 876747.876941579394042, 1374051.147129829972982 ], [ 876745.079941580072045, 1374051.388129830360413 ], [ 876742.5309415794909, 1374050.80912983044982 ], [ 876738.940941579639912, 1374050.09012982994318 ], [ 876734.681941580027342, 1374050.110129829496145 ], [ 876730.258941579610109, 1374050.921129830181599 ], [ 876726.348941579461098, 1374052.283129829913378 ], [ 876723.995941579341888, 1374054.654129829257727 ], [ 876721.08694157935679, 1374056.929129829630256 ], [ 876717.600941579788923, 1374059.948129830881953 ], [ 876701.036541579291224, 1374074.919329829514027 ], [ 876679.667341579683125, 1374099.238129829987884 ], [ 876660.135741579346359, 1374119.135929830372334 ], [ 876650.033941579982638, 1374146.369529830291867 ], [ 876651.459541579708457, 1374151.39472983032465 ], [ 876652.579941580072045, 1374157.705529829487205 ], [ 876653.39694157987833, 1374164.890129830688238 ], [ 876653.911541579291224, 1374172.536529829725623 ], [ 876653.98394157923758, 1374174.645129829645157 ], [ 876654.453541579656303, 1374188.312129830941558 ], [ 876654.559541579335928, 1374203.047129830345511 ], [ 876654.469941579736769, 1374205.878529829904437 ], [ 876654.193941579200327, 1374214.597129829227924 ], [ 876653.778741579502821, 1374216.760529829189181 ], [ 876652.825941579416394, 1374218.537529829889536 ], [ 876651.33554157987237, 1374219.928529830649495 ], [ 876649.307541579939425, 1374220.933129830285907 ], [ 876646.963941579684615, 1374221.562529830262065 ], [ 876644.526341579854488, 1374221.828329829499125 ], [ 876641.994941580109298, 1374221.730129830539227 ], [ 876639.369541579857469, 1374221.268129829317331 ], [ 876629.252541579306126, 1374218.713529830798507 ], [ 876626.988141579553485, 1374218.272129829972982 ], [ 876624.967541580088437, 1374218.214129829779267 ], [ 876623.190741579979658, 1374218.539929829537868 ], [ 876621.657541579566896, 1374219.249129829928279 ], [ 876618.834941579960287, 1374221.05072982981801 ], [ 876617.937541579827666, 1374221.623529830947518 ], [ 876617.464341579936445, 1374222.240129830315709 ], [ 876616.942741579376161, 1374223.516929829493165 ], [ 876615.752941579557955, 1374228.05212982930243 ], [ 876614.739741579629481, 1374234.263729829341173 ], [ 876614.273541579954326, 1374241.186529830098152 ], [ 876614.427341579459608, 1374247.978729829192162 ], [ 876614.764141580089927, 1374251.010329829528928 ], [ 876615.273941579274833, 1374253.798529829829931 ], [ 876615.997141580097377, 1374256.419929830357432 ], [ 876616.973541579209268, 1374258.950729830190539 ], [ 876618.203141579404473, 1374261.390929829329252 ], [ 876619.68594157975167, 1374263.740529829636216 ], [ 876626.645541579462588, 1374273.489129830151796 ], [ 876630.443941579200327, 1374278.483729830011725 ], [ 876634.358541579917073, 1374283.187529830262065 ], [ 876639.276741580106318, 1374288.214129829779267 ], [ 876646.085941579192877, 1374294.17712982930243 ], [ 876649.362541579641402, 1374298.739129830151796 ], [ 876650.345741579309106, 1374300.585129830986261 ], [ 876650.891941579990089, 1374302.141129830852151 ], [ 876651.330941579304636, 1374305.582129830494523 ], [ 876651.33554157987237, 1374310.261129830032587 ], [ 876650.793541579507291, 1374318.854529829695821 ], [ 876650.004941579885781, 1374324.970529830083251 ], [ 876649.665141579695046, 1374327.786729829385877 ], [ 876649.563541579991579, 1374330.594529829919338 ], [ 876649.925541579723358, 1374336.55912983044982 ], [ 876650.822541579604149, 1374342.579529829323292 ], [ 876651.579941580072045, 1374345.54452982917428 ], [ 876651.836141579784453, 1374346.241529829800129 ], [ 876653.788741579279304, 1374351.554529830813408 ], [ 876655.742141579277813, 1374352.347129829227924 ], [ 876665.099541579373181, 1374362.409529829397798 ], [ 876668.830141579732299, 1374365.785929830744863 ], [ 876675.21054157987237, 1374371.23792983032763 ], [ 876678.178941579535604, 1374373.861729830503464 ], [ 876685.003141579218209, 1374378.462729830294847 ], [ 876690.388341579586267, 1374382.281129829585552 ], [ 876694.911741579882801, 1374385.723129829391837 ], [ 876701.697141579352319, 1374389.272729830816388 ], [ 876710.259341579861939, 1374391.101329829543829 ], [ 876714.35214157961309, 1374391.20892982929945 ], [ 876719.754141579382122, 1374390.610729830339551 ], [ 876731.493941579945385, 1374387.987329829484224 ], [ 876735.568141579627991, 1374387.55912983044982 ], [ 876741.518341579474509, 1374387.719729829579592 ], [ 876769.148541579954326, 1374388.691529830917716 ], [ 876779.94354157987982, 1374389.410329829901457 ] ] ] ] } },
{ "type": "Feature", "properties": { "NOM_BARRIO": "EL PRADO", "BARRIO": "012", "PK_BARRIO": "1541001012", "MUNICIPIO": "154", "SECTOR": "1", "CORREGIMIE": "001", "SHAPE_Leng": 1472.15941462, "SHAPE_Area": 90325.088647299999 }, "geometry": { "type": "MultiPolygon", "coordinates": [ [ [ [ 877319.596941580064595, 1374173.132529830560088 ], [ 877320.721941580064595, 1374168.571129830554128 ], [ 877321.433541580103338, 1374165.738129829987884 ], [ 877322.561941579915583, 1374162.455529829487205 ], [ 877324.7809415794909, 1374155.641129830852151 ], [ 877325.507341579534113, 1374152.415529830381274 ], [ 877325.92254157923162, 1374149.353129830211401 ], [ 877326.303141579963267, 1374146.381529830396175 ], [ 877326.925941579975188, 1374143.429129829630256 ], [ 877328.46194157935679, 1374136.644529830664396 ], [ 877329.337941579520702, 1374132.908529829233885 ], [ 877330.381541579961777, 1374129.383529830724001 ], [ 877331.656141580082476, 1374125.924929829314351 ], [ 877333.22494157962501, 1374122.388129830360413 ], [ 877335.806941580027342, 1374116.378529829904437 ], [ 877337.66394157987088, 1374109.788129830732942 ], [ 877339.412941579706967, 1374102.104529829695821 ], [ 877340.744541579857469, 1374095.015529830008745 ], [ 877341.444141579791903, 1374091.4175298307091 ], [ 877342.395941579714417, 1374087.748129829764366 ], [ 877343.409541579894722, 1374083.671729829162359 ], [ 877344.293941579759121, 1374078.853129830211401 ], [ 877345.169741579331458, 1374074.553529830649495 ], [ 877346.156541579402983, 1374072.035129830241203 ], [ 877348.553941579535604, 1374068.688129829242826 ], [ 877350.953941579908133, 1374065.656129829585552 ], [ 877352.014541579410434, 1374064.08112983033061 ], [ 877353.105941579677165, 1374061.982529830187559 ], [ 877354.85754157975316, 1374057.37952983006835 ], [ 877355.887541580013931, 1374052.469129830598831 ], [ 877356.941941579803824, 1374047.404129829257727 ], [ 877357.199741579592228, 1374046.110529830679297 ], [ 877349.159541579894722, 1374044.892129831016064 ], [ 877326.072741579264402, 1374042.239529829472303 ], [ 877289.809541579335928, 1374039.567529829218984 ], [ 877263.676941579207778, 1374037.420129830017686 ], [ 877268.630941580049694, 1374005.165729830041528 ], [ 877273.679941579699516, 1373975.82432983070612 ], [ 877274.873341579921544, 1373960.158529829233885 ], [ 877123.886541579850018, 1373946.002329830080271 ], [ 877075.886541579850018, 1373937.168529830873013 ], [ 877055.601541579701006, 1373931.632729830220342 ], [ 877049.784341579303145, 1373929.43332982994616 ], [ 876999.908941579982638, 1373921.22272983007133 ], [ 876954.233741579577327, 1373921.24552983045578 ], [ 876951.074941579252481, 1373944.649729829281569 ], [ 876948.729141579940915, 1373964.882129829376936 ], [ 876943.270741580054164, 1373984.087529830634594 ], [ 876931.064541579224169, 1374012.178329830989242 ], [ 876923.900141580030322, 1374023.573729829862714 ], [ 876919.389141580089927, 1374029.006329830735922 ], [ 876899.487741579301655, 1374025.163729829713702 ], [ 876892.176741579547524, 1374045.219129830598831 ], [ 876885.028741579502821, 1374067.010929830372334 ], [ 876874.214941579848528, 1374096.973729830235243 ], [ 876871.240541579201818, 1374105.215329829603434 ], [ 876869.211341579444706, 1374112.393129829317331 ], [ 876865.18594157975167, 1374126.729929830878973 ], [ 876947.198541579768062, 1374146.983929829671979 ], [ 876967.283741579391062, 1374151.944129830226302 ], [ 877059.253941579721868, 1374174.657329829409719 ], [ 877052.196541579440236, 1374203.068729830905795 ], [ 877151.013141579926014, 1374226.421529829502106 ], [ 877160.089341579936445, 1374195.517129831016064 ], [ 877167.083541579544544, 1374166.023929830640554 ], [ 877172.581541579216719, 1374142.868129830807447 ], [ 877182.159341579303145, 1374111.875729830935597 ], [ 877201.123741579242051, 1374119.910729829221964 ], [ 877250.929141579195857, 1374144.207329830154777 ], [ 877274.56994157936424, 1374155.608329830691218 ], [ 877319.596941580064595, 1374173.132529830560088 ] ] ] ] } },
{ "type": "Feature", "properties": { "NOM_BARRIO": "PUERTO ESPAÑA", "BARRIO": "046", "PK_BARRIO": "1541001046", "MUNICIPIO": "154", "SECTOR": "1", "CORREGIMIE": "001", "SHAPE_Leng": 1652.8601741699999, "SHAPE_Area": 54235.233933000003 }, "geometry": { "type": "MultiPolygon", "coordinates": [ [ [ [ 877326.504941579885781, 1375028.957929830998182 ], [ 877326.626541580073535, 1375027.903329830616713 ], [ 877336.064541579224169, 1375027.903329830616713 ], [ 877335.398941579274833, 1375017.25452983006835 ], [ 877335.731741579249501, 1375004.608929829671979 ], [ 877339.725141579285264, 1374974.991529829800129 ], [ 877333.919941579923034, 1374974.380529830232263 ], [ 877346.641341580078006, 1374897.084929829463363 ], [ 877347.92074157949537, 1374889.466129830107093 ], [ 877350.392141579650342, 1374874.748529830947518 ], [ 877361.329541579820216, 1374809.611329829320312 ], [ 877374.59274157974869, 1374721.396329829469323 ], [ 877389.792741579934955, 1374646.685129830613732 ], [ 877392.680741579271853, 1374638.022129829972982 ], [ 877396.322941579855978, 1374634.380529830232263 ], [ 877400.111941579729319, 1374633.24412983097136 ], [ 877394.736541579477489, 1374631.72412982955575 ], [ 877382.219941579736769, 1374629.170129830017686 ], [ 877377.861941579729319, 1374637.0121298301965 ], [ 877374.257941579446197, 1374646.537129830569029 ], [ 877371.253941579721868, 1374656.500129830092192 ], [ 877367.816941579803824, 1374668.086129829287529 ], [ 877366.566941579803824, 1374674.784129830077291 ], [ 877366.184941579587758, 1374680.274129830300808 ], [ 877362.805941579863429, 1374683.995129829272628 ], [ 877361.115941579453647, 1374687.147129829972982 ], [ 877356.950941579416394, 1374693.051129831001163 ], [ 877353.200941579416394, 1374696.732129830867052 ], [ 877346.886941580101848, 1374706.769129829481244 ], [ 877342.120941579341888, 1374716.069129830226302 ], [ 877338.154941579326987, 1374724.819129830226302 ], [ 877333.647941580042243, 1374737.444129830226302 ], [ 877331.328941579908133, 1374739.299129830673337 ], [ 877327.552941579371691, 1374739.837129829451442 ], [ 877326.144941579550505, 1374740.774129830300808 ], [ 877324.080941579304636, 1374745.261129830032587 ], [ 877323.709941579960287, 1374748.157129829749465 ], [ 877323.230941579677165, 1374755.908129829913378 ], [ 877317.149941579438746, 1374765.299129830673337 ], [ 877310.640941579826176, 1374774.453129829838872 ], [ 877304.41394157987088, 1374781.763129830360413 ], [ 877297.661941579543054, 1374789.867129830643535 ], [ 877292.700941579416394, 1374796.991129830479622 ], [ 877287.046941579319537, 1374808.368129830807447 ], [ 877282.7809415794909, 1374819.210129830986261 ], [ 877277.699941579252481, 1374828.708129830658436 ], [ 877273.915941579267383, 1374839.29312982968986 ], [ 877267.960941579192877, 1374854.063129829242826 ], [ 877265.714941579848528, 1374860.923129830509424 ], [ 877265.172941579483449, 1374866.151129830628633 ], [ 877262.796941579319537, 1374874.124129829928279 ], [ 877260.824741579592228, 1374878.038329830393195 ], [ 877259.601941579952836, 1374880.46512982994318 ], [ 877258.52194157987833, 1374887.426129831001163 ], [ 877254.598941579461098, 1374895.650129830464721 ], [ 877251.698941580019891, 1374900.000129830092192 ], [ 877249.350941579788923, 1374903.522129829972982 ], [ 877246.10794158000499, 1374908.466129830107093 ], [ 877244.548941579647362, 1374915.995129829272628 ], [ 877244.441941579803824, 1374923.279129829257727 ], [ 877243.039941580034792, 1374932.43412983044982 ], [ 877240.813941579312086, 1374938.023129830136895 ], [ 877238.484941579401493, 1374940.282129829749465 ], [ 877237.373941579833627, 1374941.743129830807447 ], [ 877238.611941579729319, 1374943.944129830226302 ], [ 877239.897941580042243, 1374947.976129829883575 ], [ 877240.417941579595208, 1374953.80912983044982 ], [ 877241.353941579349339, 1374967.978129830211401 ], [ 877242.172941579483449, 1374976.699129829183221 ], [ 877242.533941579982638, 1374983.343129830434918 ], [ 877243.308941579423845, 1374990.96512982994318 ], [ 877243.696941579692066, 1374998.900129830464721 ], [ 877245.184941579587758, 1375005.55212982930243 ], [ 877245.879941579885781, 1375014.046129830181599 ], [ 877248.527941579930484, 1375022.403129830956459 ], [ 877253.796941579319537, 1375032.231129830703139 ], [ 877255.481941579841077, 1375041.144129829481244 ], [ 877256.017941579222679, 1375050.719129830598831 ], [ 877258.89694157987833, 1375064.203129829838872 ], [ 877260.880941580049694, 1375068.820129830390215 ], [ 877260.730941579677165, 1375074.106129830703139 ], [ 877262.22494157962501, 1375083.257129829376936 ], [ 877266.051941579207778, 1375096.041129829362035 ], [ 877269.178941579535604, 1375108.812129830941558 ], [ 877272.814941579475999, 1375119.773129830136895 ], [ 877278.020941579714417, 1375129.229529829695821 ], [ 877283.964741579256952, 1375148.158929830417037 ], [ 877288.69494157936424, 1375161.139329830184579 ], [ 877292.973941579461098, 1375172.881729830056429 ], [ 877296.823341580107808, 1375178.545329829677939 ], [ 877300.345941579900682, 1375183.728329829871655 ], [ 877302.822341579943895, 1375187.839129829779267 ], [ 877305.748941579833627, 1375192.697329830378294 ], [ 877307.165941579267383, 1375194.54392983019352 ], [ 877309.77194157987833, 1375200.363129829987884 ], [ 877313.940941579639912, 1375209.717129830271006 ], [ 877319.292941579595208, 1375217.405129829421639 ], [ 877325.832941579632461, 1375228.679129829630256 ], [ 877330.69494157936424, 1375240.920129830017686 ], [ 877338.098941579461098, 1375252.142129831016064 ], [ 877346.960941579192877, 1375263.535129830241203 ], [ 877356.126941579394042, 1375271.354129830375314 ], [ 877363.688941579312086, 1375281.555129829794168 ], [ 877371.289941580034792, 1375292.3871298301965 ], [ 877378.581941579468548, 1375302.468129830434918 ], [ 877386.705941579304636, 1375312.2621298301965 ], [ 877393.256941579282284, 1375321.423129830509424 ], [ 877401.02194157987833, 1375331.611129829660058 ], [ 877407.284941579215229, 1375339.696129830554128 ], [ 877414.214941579848528, 1375346.707129830494523 ], [ 877421.659941579215229, 1375354.08112983033061 ], [ 877423.979141579940915, 1375355.917329829186201 ], [ 877460.201341579668224, 1375338.592329829931259 ], [ 877456.085341579280794, 1375312.448329830542207 ], [ 877444.419741579331458, 1375259.682929830625653 ], [ 877428.914141579531133, 1375205.975529830902815 ], [ 877416.365541579201818, 1375180.882129829376936 ], [ 877401.740341579541564, 1375163.009729830548167 ], [ 877371.96014157962054, 1375139.850929830223322 ], [ 877343.274941579438746, 1375119.605529829859734 ], [ 877336.581341579556465, 1375111.696129830554128 ], [ 877332.886741579510272, 1375102.460729829967022 ], [ 877330.065541579388082, 1375066.918329829350114 ], [ 877326.497541579417884, 1375029.748729830607772 ], [ 877326.503141579218209, 1375029.248729830607772 ], [ 877326.504941579885781, 1375028.957929830998182 ] ] ] ] } },
{ "type": "Feature", "properties": { "NOM_BARRIO": "EL PAJONAL", "BARRIO": "029", "PK_BARRIO": "1541001029", "MUNICIPIO": "154", "SECTOR": "1", "CORREGIMIE": "001", "SHAPE_Leng": 1447.41303118, "SHAPE_Area": 104426.72965199999 }, "geometry": { "type": "MultiPolygon", "coordinates": [ [ [ [ 876613.305941579863429, 1375314.665529830381274 ], [ 876605.753341579809785, 1375304.379729829728603 ], [ 876590.754541579633951, 1375306.311329830437899 ], [ 876569.159141579642892, 1375304.87332982942462 ], [ 876542.044941579923034, 1375299.122129829600453 ], [ 876534.898141579702497, 1375296.959129830822349 ], [ 876518.289941580034792, 1375291.932929830625653 ], [ 876459.982341580092907, 1375272.761929830536246 ], [ 876327.76434157975018, 1375238.585929829627275 ], [ 876280.341741579584777, 1375226.327929830178618 ], [ 876097.705941579304636, 1375178.619529830291867 ], [ 876110.647541579790413, 1375222.779329830780625 ], [ 876131.845741579309106, 1375303.002329830080271 ], [ 876148.199141579680145, 1375358.683529829606414 ], [ 876164.681341580115259, 1375419.247129829600453 ], [ 876191.691541579551995, 1375519.085129830986261 ], [ 876223.158941579982638, 1375510.583129830658436 ], [ 876269.527741579338908, 1375500.41052982956171 ], [ 876324.99234157986939, 1375488.061929829418659 ], [ 876424.234141579829156, 1375465.966729830950499 ], [ 876493.759741580113769, 1375446.679129829630256 ], [ 876533.175141579471529, 1375435.404929829761386 ], [ 876639.592541580088437, 1375404.965329829603434 ], [ 876626.800741579383612, 1375361.022529829293489 ], [ 876613.305941579863429, 1375314.665529830381274 ] ] ] ] } },
{ "type": "Feature", "properties": { "NOM_BARRIO": "EL CAMELLO", "BARRIO": "036", "PK_BARRIO": "1541001036", "MUNICIPIO": "154", "SECTOR": "1", "CORREGIMIE": "001", "SHAPE_Leng": 6370.3521531200004, "SHAPE_Area": 1604208.26321 }, "geometry": { "type": "MultiPolygon", "coordinates": [ [ [ [ 875768.997541579417884, 1375854.882129829376936 ], [ 875802.153541579842567, 1375853.549129830673337 ], [ 875810.08514157962054, 1375854.748129829764366 ], [ 875834.954941580072045, 1375853.830529829487205 ], [ 875834.570941579528153, 1375849.736929830163717 ], [ 875834.381941579282284, 1375847.722529830411077 ], [ 875833.814941579475999, 1375841.676129831001163 ], [ 875834.496941579505801, 1375841.651129830628633 ], [ 875834.166741579771042, 1375838.649129830300808 ], [ 875833.792541579343379, 1375835.247929830104113 ], [ 875833.040141579695046, 1375828.408929830417037 ], [ 875832.934341579675674, 1375827.611329829320312 ], [ 875832.162941579706967, 1375821.798129830509424 ], [ 875831.584141579456627, 1375817.436929829418659 ], [ 875830.86514157988131, 1375812.518929829820991 ], [ 875829.683341579511762, 1375812.561929829418659 ], [ 875829.533141579478979, 1375807.662929829210043 ], [ 875829.422741579823196, 1375806.677729830145836 ], [ 875831.672341579571366, 1375806.624329829588532 ], [ 875831.61514157988131, 1375803.576929830014706 ], [ 875831.274341579526663, 1375803.584729829803109 ], [ 875831.071941579692066, 1375799.562129830941558 ], [ 875830.854741579852998, 1375798.153329830616713 ], [ 875830.832341579720378, 1375793.0763298291713 ], [ 875830.810341579839587, 1375788.124129829928279 ], [ 875830.816941579803824, 1375787.461129829287529 ], [ 875830.721941580064595, 1375782.081329829990864 ], [ 875830.677341579459608, 1375779.555929830297828 ], [ 875830.615741579793394, 1375776.068529829382896 ], [ 875868.180741579271853, 1375762.679929830133915 ], [ 875900.611541579477489, 1375747.694929830729961 ], [ 875896.174741579219699, 1375740.207129830494523 ], [ 875889.552141579799354, 1375728.467129830271006 ], [ 875873.592941579408944, 1375700.175929829478264 ], [ 875869.604741579852998, 1375691.495329830795527 ], [ 875867.426941579207778, 1375686.755529830232263 ], [ 875867.029741579666734, 1375681.147329829633236 ], [ 875868.877741579897702, 1375677.325129829347134 ], [ 875884.83694157935679, 1375644.318529829382896 ], [ 875891.728341579437256, 1375625.457729829475284 ], [ 875892.223541579209268, 1375615.152529830113053 ], [ 875888.826741579920053, 1375604.783329829573631 ], [ 875882.333941579796374, 1375584.962929829955101 ], [ 875882.199141579680145, 1375579.52112982980907 ], [ 875878.548141580075026, 1375570.600729830563068 ], [ 875859.961141579784453, 1375539.625129830092192 ], [ 875853.62494157999754, 1375527.19932983070612 ], [ 875848.112941579893231, 1375512.39332983084023 ], [ 875844.601141579449177, 1375500.881129829213023 ], [ 875890.021541579626501, 1375499.197729829698801 ], [ 875926.032941579818726, 1375462.608729830011725 ], [ 875921.146141579374671, 1375387.386929830536246 ], [ 875967.650741579942405, 1375371.725529830902815 ], [ 875959.824141579680145, 1375331.164329830557108 ], [ 875938.701741579920053, 1375327.529129829257727 ], [ 875923.40634157974273, 1375314.222529830411077 ], [ 875943.694141579791903, 1375282.743129830807447 ], [ 875948.10754157975316, 1375265.828729830682278 ], [ 875947.772741579450667, 1375257.385929830372334 ], [ 875943.340741579420865, 1375234.463129829615355 ], [ 875922.43734157923609, 1375124.513929830864072 ], [ 875927.321941579692066, 1375121.324129829183221 ], [ 876022.282341579906642, 1375077.048529829829931 ], [ 876021.715741579420865, 1375074.543529830873013 ], [ 876034.651541579514742, 1375070.422529829666018 ], [ 876030.386141579598188, 1375054.476729830726981 ], [ 876029.629941579885781, 1375051.649529829621315 ], [ 876044.275341579690576, 1375047.441329829394817 ], [ 876051.422941579483449, 1375045.505529830232263 ], [ 876052.153541579842567, 1375042.02872982993722 ], [ 876044.906941579654813, 1375015.972129829227924 ], [ 876039.12494157999754, 1375011.74412983097136 ], [ 876039.282941579818726, 1375003.408129829913378 ], [ 876037.368741579353809, 1375003.273729830980301 ], [ 876034.942941579967737, 1375002.953529831022024 ], [ 876027.022141579538584, 1375001.892929829657078 ], [ 876016.692541579715908, 1375000.650329830124974 ], [ 876016.157541579566896, 1375000.628729829564691 ], [ 876000.088141580112278, 1374999.978129830211401 ], [ 875950.150341579690576, 1374998.177529830485582 ], [ 875898.273141579702497, 1374996.160729829221964 ], [ 875899.558141579851508, 1374989.232529830187559 ], [ 875853.756541579961777, 1374989.484929829835892 ], [ 875823.206541579216719, 1374989.546129830181599 ], [ 875798.127141579985619, 1374989.566129829734564 ], [ 875793.859358674730174, 1374989.184349888004363 ], [ 875789.688744863844477, 1374988.201645817607641 ], [ 875785.69947502668947, 1374986.637851388426498 ], [ 875781.972064004279673, 1374984.524528431706131 ], [ 875778.581741579808295, 1374981.904329830780625 ], [ 875774.831141579896212, 1374978.498929830268025 ], [ 875769.818529927055351, 1374973.719962453702465 ], [ 875764.505203681532294, 1374969.277736775344238 ], [ 875758.913741579279304, 1374965.191129829734564 ], [ 875754.121670647175051, 1374962.529711904702708 ], [ 875749.689119106857106, 1374959.304874539608136 ], [ 875745.681983575457707, 1374955.564559843856841 ], [ 875742.15983621426858, 1374951.364373282063752 ], [ 875739.175039098248817, 1374946.766757012112066 ], [ 875736.771965774009004, 1374941.840061589377001 ], [ 875734.986341579817235, 1374936.657529830932617 ], [ 875733.295619221054949, 1374931.878665055148304 ], [ 875730.99256317189429, 1374927.362912241835147 ], [ 875728.116983864689246, 1374923.188330312259495 ], [ 875724.718588320538402, 1374919.427080737426877 ], [ 875720.856120917829685, 1374916.144180159782991 ], [ 875716.596347942017019, 1374913.396376521792263 ], [ 875712.012903469032608, 1374911.231168124824762 ], [ 875707.185016533127055, 1374909.685982578666881 ], [ 875702.196141580119729, 1374908.787529829889536 ], [ 875691.920995921944268, 1374905.10153763461858 ], [ 875681.930445657926612, 1374900.702212438452989 ], [ 875672.273941579274833, 1374895.611329829320312 ], [ 875664.519541579298675, 1374891.848729830235243 ], [ 875613.800941579975188, 1374884.904129829257727 ], [ 875605.072741579264402, 1374880.437529830262065 ], [ 875592.628541579470038, 1374909.546729829162359 ], [ 875597.774541580118239, 1374921.396729830652475 ], [ 875578.062941580079496, 1374932.720329830422997 ], [ 875561.742741580121219, 1374953.219129830598831 ], [ 875556.967541580088437, 1374964.128929829224944 ], [ 875559.389141580089927, 1374977.654529830440879 ], [ 875561.119541579857469, 1374987.319329829886556 ], [ 875547.836541580036283, 1374995.421329829841852 ], [ 875538.022941580042243, 1374994.666329830884933 ], [ 875530.096741579473019, 1374991.646729830652475 ], [ 875519.528141579590738, 1374992.024329829961061 ], [ 875501.788341579958797, 1374998.440729830414057 ], [ 875485.627341579645872, 1374993.524129830300808 ], [ 875465.647141579538584, 1374975.493129830807447 ], [ 875450.444141579791903, 1374966.281329829245806 ], [ 875441.789341580122709, 1374963.807929830625653 ], [ 875413.862941579893231, 1374957.457929830998182 ], [ 875387.641741579398513, 1374951.49552983045578 ], [ 875368.926941579207778, 1374941.866129830479622 ], [ 875326.054141579195857, 1374940.607529830187559 ], [ 875306.202741580083966, 1374937.941129829734564 ], [ 875284.285141579806805, 1374946.960329830646515 ], [ 875250.099741579964757, 1374961.027729829773307 ], [ 875216.835341579280794, 1374974.716129830107093 ], [ 875208.980741580016911, 1374977.948729829862714 ], [ 875151.054141579195857, 1375004.093529829755425 ], [ 875052.417541579343379, 1375048.612529831007123 ], [ 874799.498541579581797, 1375158.50312983058393 ], [ 874799.854741579852998, 1375160.971529830247164 ], [ 874866.888341579586267, 1375391.810529829934239 ], [ 874893.707141580060124, 1375517.523929830640554 ], [ 874456.515141579322517, 1375776.056129829958081 ], [ 874174.959741579368711, 1375902.336329830810428 ], [ 874196.348341579549015, 1376079.761329829692841 ], [ 874053.192141579464078, 1376188.058729829266667 ], [ 874070.738741579465568, 1376325.56592983007431 ], [ 874071.428941579535604, 1376330.975129829719663 ], [ 874247.401141579262912, 1376308.793329829350114 ], [ 874304.951541579328477, 1376301.176329830661416 ], [ 874399.214941579848528, 1376289.147729830816388 ], [ 874606.227341579273343, 1376262.7317298296839 ], [ 874822.529741579666734, 1376233.444329829886556 ], [ 874852.201741579920053, 1376229.496329830959439 ], [ 875154.816341579891741, 1376188.776129830628633 ], [ 875340.342941579408944, 1376163.834329830482602 ], [ 875823.691541579551995, 1376104.176929829642177 ], [ 875815.939141579903662, 1376019.871529830619693 ], [ 875815.360741579905152, 1376015.374129829928279 ], [ 875811.87414157949388, 1375988.259729830548167 ], [ 875802.062941580079496, 1375964.828329829499125 ], [ 875791.611741580069065, 1375949.065329829230905 ], [ 875785.852941580116749, 1375945.018129829317331 ], [ 875781.800341580063105, 1375939.692729830741882 ], [ 875780.122941579669714, 1375932.004329830408096 ], [ 875780.934141580015421, 1375921.472129829227924 ], [ 875782.0157415792346, 1375909.58952983096242 ], [ 875781.204541579820216, 1375897.166929829865694 ], [ 875779.852541579864919, 1375885.824529830366373 ], [ 875771.969941579736769, 1375862.930329829454422 ], [ 875770.12494157999754, 1375857.93472982943058 ], [ 875768.997541579417884, 1375854.882129829376936 ] ] ] ] } },
{ "type": "Feature", "properties": { "NOM_BARRIO": "LAS MALVINAS", "BARRIO": "047", "PK_BARRIO": "1541001047", "MUNICIPIO": "154", "SECTOR": "1", "CORREGIMIE": "001", "SHAPE_Leng": 10152.9520462, "SHAPE_Area": 3285865.1834999998 }, "geometry": { "type": "MultiPolygon", "coordinates": [ [ [ [ 877893.469741580076516, 1374707.929929830133915 ], [ 877898.694541580043733, 1374706.235329831019044 ], [ 877909.313541579991579, 1374712.065729830414057 ], [ 877997.415741579607129, 1374761.287729829549789 ], [ 878126.643941579386592, 1374726.475329829379916 ], [ 878306.956341579556465, 1374674.493329830467701 ], [ 878481.546341579407454, 1374631.939929829910398 ], [ 878529.198741579428315, 1374586.078729830682278 ], [ 878605.442141579464078, 1374513.204329829663038 ], [ 878678.508341579698026, 1374443.471129830926657 ], [ 878773.175741579383612, 1374354.264329830184579 ], [ 878852.912741580046713, 1374271.683529829606414 ], [ 878913.605141580104828, 1374206.612729830667377 ], [ 878956.25094157923013, 1374150.610729830339551 ], [ 878960.190141580067575, 1374145.437929829582572 ], [ 878994.962741579860449, 1374099.775129830464721 ], [ 879069.958341579884291, 1374006.768729830160737 ], [ 879132.257741579785943, 1373915.633529830724001 ], [ 879187.56094157975167, 1373837.715329829603434 ], [ 879238.414341580122709, 1373766.679929830133915 ], [ 879275.27334157936275, 1373723.950329830870032 ], [ 879340.748341579921544, 1373630.931729830801487 ], [ 879481.841541579924524, 1373456.231129830703139 ], [ 879639.303141579963267, 1373246.500729830935597 ], [ 879629.994941580109298, 1373243.671529829502106 ], [ 879587.01614157948643, 1373227.857929829508066 ], [ 879542.90634157974273, 1373213.173729829490185 ], [ 879499.897741579450667, 1373192.674129830673337 ], [ 879468.815541579388082, 1373175.649529829621315 ], [ 879444.723741579800844, 1373150.455929830670357 ], [ 879418.101541579701006, 1373117.710329830646515 ], [ 879385.772941580042243, 1373079.295729830861092 ], [ 879351.537541579455137, 1373043.395129829645157 ], [ 879314.122541579417884, 1373013.151929829269648 ], [ 879288.756141579709947, 1372992.98932982981205 ], [ 879245.620541580021381, 1372970.287529829889536 ], [ 879245.528141579590738, 1372970.242529829964042 ], [ 879245.525141580030322, 1372970.249729830771685 ], [ 879240.529341579414904, 1372982.862529831007123 ], [ 879235.426741579547524, 1373006.131529830396175 ], [ 879236.035541580058634, 1373030.036929830908775 ], [ 879243.622941579669714, 1373057.096529830247164 ], [ 879254.391741579398513, 1373076.61152983084321 ], [ 879266.426741579547524, 1373099.273329829797149 ], [ 879277.189541579224169, 1373124.44992982968688 ], [ 879281.610141579993069, 1373145.214729830622673 ], [ 879283.499341580085456, 1373159.056729830801487 ], [ 879285.370141579769552, 1373189.883529830724001 ], [ 879199.207341579720378, 1373117.484529830515385 ], [ 879165.164541579782963, 1373098.063129829242826 ], [ 879134.640541579574347, 1373085.738129829987884 ], [ 879118.260541579686105, 1373084.090529829263687 ], [ 879010.10214157961309, 1373098.593729829415679 ], [ 878952.084541579708457, 1373104.982729829847813 ], [ 878920.237141579389572, 1373108.546929830685258 ], [ 878904.358541579917073, 1373117.882129829376936 ], [ 878892.8907415792346, 1373128.933129830285907 ], [ 878749.611141579225659, 1373058.647329829633236 ], [ 878420.498941579833627, 1373137.448929829522967 ], [ 878405.944141579791903, 1373141.222329830750823 ], [ 878421.953741579316556, 1373093.329929830506444 ], [ 878456.599341579712927, 1372998.076729830354452 ], [ 878477.441941579803824, 1372940.772729830816388 ], [ 878626.590141579508781, 1372553.427329830825329 ], [ 878617.902141579426825, 1372550.855929829180241 ], [ 878611.878941579721868, 1372546.585729829967022 ], [ 878604.743541579693556, 1372540.768129829317331 ], [ 878597.965941580012441, 1372531.826929830014706 ], [ 878584.49954157974571, 1372503.754729829728603 ], [ 878564.105341579765081, 1372446.94992982968688 ], [ 878552.6559415794909, 1372416.037529829889536 ], [ 878552.548541579395533, 1372415.854329830035567 ], [ 878544.12594157923013, 1372401.501329829916358 ], [ 878535.190341579727829, 1372391.259529830887914 ], [ 878527.739741579629481, 1372384.017729829996824 ], [ 878520.720941579900682, 1372380.109129829332232 ], [ 878515.215941580012441, 1372377.230729829519987 ], [ 878510.501341579481959, 1372376.499329829588532 ], [ 878510.824341579340398, 1372372.475329829379916 ], [ 878512.470341579988599, 1372351.972329830750823 ], [ 878201.723741579800844, 1372342.871529830619693 ], [ 878063.470541579648852, 1372328.382529830560088 ], [ 877953.771341579966247, 1372310.349929830059409 ], [ 877796.731341579928994, 1372285.840329829603434 ], [ 877598.692941579967737, 1372223.861729830503464 ], [ 877379.861141579225659, 1372131.072729829698801 ], [ 877318.262741579674184, 1372200.028129830956459 ], [ 877332.345141579397023, 1372253.235729830339551 ], [ 877354.182341579347849, 1372335.330529829487205 ], [ 877362.273541579954326, 1372378.681729830801487 ], [ 877362.356341579928994, 1372378.69172983057797 ], [ 877363.133341579698026, 1372382.854129830375314 ], [ 877362.221741579473019, 1372382.906529830768704 ], [ 877331.293941579759121, 1372379.134329829365015 ], [ 877286.892941579222679, 1372375.173729829490185 ], [ 877258.150941579602659, 1372370.921529829502106 ], [ 877213.065941579639912, 1372361.912729829549789 ], [ 877165.80514157935977, 1372354.22132983058691 ], [ 877153.219941579736769, 1372350.947329830378294 ], [ 877122.813541579991579, 1372385.01832983084023 ], [ 877131.248941579833627, 1372390.353129830211401 ], [ 877153.563741579651833, 1372404.858729830011725 ], [ 877173.586541580036283, 1372420.338529830798507 ], [ 877189.989141579717398, 1372440.482729829847813 ], [ 877228.872541579417884, 1372495.894529830664396 ], [ 877254.188141579739749, 1372517.336329830810428 ], [ 877287.318941579200327, 1372545.62812983058393 ], [ 877307.430941579863429, 1372561.754929829388857 ], [ 877322.67154157999903, 1372576.18472982943058 ], [ 877329.017941579222679, 1372579.35392983071506 ], [ 877333.461741579696536, 1372579.987729830667377 ], [ 877337.90554157923907, 1372579.987729830667377 ], [ 877344.25854157935828, 1372585.061929829418659 ], [ 877350.464541579596698, 1372593.470129830762744 ], [ 877385.574541579931974, 1372631.405129829421639 ], [ 877422.836141579784453, 1372662.899129830300808 ], [ 877453.642741579562426, 1372695.822729829698801 ], [ 877472.273541579954326, 1372713.002529829740524 ], [ 877530.247541579417884, 1372771.42512983083725 ], [ 877575.732741579413414, 1372816.358729830011725 ], [ 877594.938341579400003, 1372841.098329830914736 ], [ 877603.532141579315066, 1372859.271929830312729 ], [ 877607.069341579452157, 1372877.950529830530286 ], [ 877610.606541579589248, 1372889.564329830929637 ], [ 877611.110941579565406, 1372910.263329830020666 ], [ 877609.08694157935679, 1372934.999729830771685 ], [ 877607.069341579452157, 1372950.06672983057797 ], [ 877606.711741579696536, 1372956.121129829436541 ], [ 877603.500341579318047, 1372961.462729830294847 ], [ 877602.433941579423845, 1372966.804129829630256 ], [ 877601.361341579817235, 1372974.637929830700159 ], [ 877601.718941579572856, 1372979.979529829695821 ], [ 877603.500341579318047, 1372984.964329829439521 ], [ 877606.711741579696536, 1372993.154729830101132 ], [ 877610.274541580118239, 1372996.716929830610752 ], [ 877611.347141579724848, 1372999.209329830482602 ], [ 877611.347141579724848, 1373003.124729830771685 ], [ 877610.63214157987386, 1373009.179129829630256 ], [ 877606.711741579696536, 1373016.656529830768704 ], [ 877605.996741579845548, 1373024.133929830044508 ], [ 877607.069341579452157, 1373030.188529830425978 ], [ 877608.850741579197347, 1373034.460329830646515 ], [ 877614.194741579703987, 1373037.665729830041528 ], [ 877622.392941579222679, 1373041.94092983007431 ], [ 877627.385741579346359, 1373046.569329829886556 ], [ 877633.087341579608619, 1373056.1827298309654 ], [ 877642.09274157974869, 1373063.89532982930541 ], [ 877643.066741579212248, 1373064.729529829695821 ], [ 877647.370141579769552, 1373072.986129829660058 ], [ 877653.493141579441726, 1373083.173729829490185 ], [ 877657.573141579516232, 1373095.401729829609394 ], [ 877664.711341579444706, 1373116.800529830157757 ], [ 877670.834341580048203, 1373133.105529829859734 ], [ 877686.643141579814255, 1373153.484329830855131 ], [ 877702.962541579268873, 1373178.448329830542207 ], [ 877713.165541579946876, 1373189.656329829245806 ], [ 877722.346741579473019, 1373210.03492983058095 ], [ 877736.533741579391062, 1373241.499329829588532 ], [ 877737.915741579607129, 1373244.413929829373956 ], [ 877741.515141579322517, 1373255.945329830050468 ], [ 877742.650541579350829, 1373260.904129829257727 ], [ 877748.045541579835117, 1373296.481929829344153 ], [ 877753.798341579735279, 1373317.686129830777645 ], [ 877758.369741579517722, 1373336.116929830983281 ], [ 877763.956541579216719, 1373352.593729829415679 ], [ 877765.986941579729319, 1373362.986129829660058 ], [ 877766.491341579705477, 1373380.981329830363393 ], [ 877766.57934157922864, 1373385.527529830113053 ], [ 877766.746741579845548, 1373394.163329830393195 ], [ 877768.266341580078006, 1373402.779529830440879 ], [ 877771.541741579771042, 1373409.114729830995202 ], [ 877773.156941579654813, 1373414.924929829314351 ], [ 877773.156941579654813, 1373420.414929829537868 ], [ 877771.215941580012441, 1373426.872129829600453 ], [ 877770.245541580021381, 1373433.326129829511046 ], [ 877769.275141580030322, 1373437.201929830014706 ], [ 877768.955741579644382, 1373446.24072982929647 ], [ 877765.718741579912603, 1373456.2469298299402 ], [ 877760.55334157962352, 1373470.452329829335213 ], [ 877756.35214157961309, 1373478.200329830870032 ], [ 877752.470341579988599, 1373483.363529829308391 ], [ 877750.21014157962054, 1373487.562729829922318 ], [ 877747.304941579699516, 1373497.568929830566049 ], [ 877743.748741579242051, 1373504.669929830357432 ], [ 877741.807741579599679, 1373507.898529829457402 ], [ 877741.807741579599679, 1373515.323129830881953 ], [ 877742.382341579534113, 1373521.423929831013083 ], [ 877747.253941579721868, 1373550.610329831019044 ], [ 877753.740941579453647, 1373585.309929830953479 ], [ 877756.990741579793394, 1373614.820129830390215 ], [ 877757.303541579283774, 1373634.548329830169678 ], [ 877757.673941579647362, 1373663.460929829627275 ], [ 877758.037741580046713, 1373682.859129829332232 ], [ 877755.107141579501331, 1373695.301729829981923 ], [ 877752.834141579456627, 1373714.105729829519987 ], [ 877753.064141579903662, 1373722.609729830175638 ], [ 877751.455141579732299, 1373731.110529830679297 ], [ 877750.299541579559445, 1373742.371129829436541 ], [ 877748.664941580034792, 1373771.897729830816388 ], [ 877747.573141579516232, 1373779.906529830768704 ], [ 877747.573141579516232, 1373785.733329830691218 ], [ 877746.838941579684615, 1373792.10812982916832 ], [ 877744.470141579397023, 1373799.753729829564691 ], [ 877740.096541579812765, 1373808.858729830011725 ], [ 877737.548941579647362, 1373812.681529829278588 ], [ 877736.431741579435766, 1373817.108529830351472 ], [ 877734.943941579200327, 1373821.19232982955873 ], [ 877729.740341579541564, 1373826.015329830348492 ], [ 877723.425941579975188, 1373831.951129829511046 ], [ 877720.456941579468548, 1373837.516929829493165 ], [ 877718.228541580028832, 1373843.082929830998182 ], [ 877714.88934157975018, 1373847.163329830393195 ], [ 877713.03134157974273, 1373850.131129829213023 ], [ 877712.284341579303145, 1373856.070129830390215 ], [ 877711.914141579531133, 1373862.375529829412699 ], [ 877708.945141579955816, 1373869.796929830685258 ], [ 877705.969741580076516, 1373877.960929829627275 ], [ 877703.74154157936573, 1373885.009129829704762 ], [ 877701.513141579926014, 1373894.655329830944538 ], [ 877701.513141579926014, 1373906.160329829901457 ], [ 877700.402341580018401, 1373919.886929830536246 ], [ 877699.99994157999754, 1373930.80912983044982 ], [ 877688.328541579656303, 1373951.707929830998182 ], [ 877685.040541579946876, 1373957.736129829660058 ], [ 877682.333341579884291, 1373962.6219298299402 ], [ 877680.385941579937935, 1373966.870729830116034 ], [ 877677.601541579701006, 1373973.528529830276966 ], [ 877677.228541580028832, 1373976.759329829365015 ], [ 877676.32794157974422, 1373981.855529829859734 ], [ 877674.244541579857469, 1373990.357529830187559 ], [ 877672.298941579647362, 1373998.328529831022024 ], [ 877670.672941579483449, 1374006.092129830271006 ], [ 877670.099741579964757, 1374009.586529830470681 ], [ 877669.82794157974422, 1374013.388129830360413 ], [ 877669.865741579793394, 1374017.459129830822349 ], [ 877670.220541579648852, 1374021.762529829517007 ], [ 877670.471941580064595, 1374025.522529829293489 ], [ 877670.198941580019891, 1374027.963529830798507 ], [ 877669.200541580095887, 1374032.772529829293489 ], [ 877668.054541579447687, 1374038.836129829287529 ], [ 877666.923541579395533, 1374044.624129829928279 ], [ 877666.239341579377651, 1374047.153529830276966 ], [ 877665.083941579796374, 1374049.237529831007123 ], [ 877663.718941579572856, 1374051.10812982916832 ], [ 877665.080941579304636, 1374052.723129829391837 ], [ 877665.621941579505801, 1374053.690529830753803 ], [ 877665.908341580070555, 1374054.986729830503464 ], [ 877665.940541579388082, 1374056.611729830503464 ], [ 877665.718541579321027, 1374058.565529830753803 ], [ 877664.878941579721868, 1374062.759729830548167 ], [ 877663.757541579194367, 1374066.869529830291867 ], [ 877660.856541579589248, 1374075.16052982956171 ], [ 877657.678541579283774, 1374083.150129830464721 ], [ 877655.213541579432786, 1374089.87052983045578 ], [ 877653.536541579291224, 1374095.654129829257727 ], [ 877652.014941579662263, 1374101.648129830136895 ], [ 877651.411741579882801, 1374104.549729829654098 ], [ 877651.141541579738259, 1374106.924529829993844 ], [ 877650.692541579715908, 1374112.779529830440879 ], [ 877650.26614157948643, 1374116.298929831013083 ], [ 877649.677941579371691, 1374119.370129829272628 ], [ 877648.56854157987982, 1374124.790129829198122 ], [ 877647.240541579201818, 1374130.256529830396175 ], [ 877645.534941579215229, 1374136.365129830315709 ], [ 877644.532941579818726, 1374139.449129829183221 ], [ 877643.162541579455137, 1374142.27112982980907 ], [ 877639.92254157923162, 1374147.515129830688238 ], [ 877636.626541580073535, 1374152.297529829666018 ], [ 877633.629941579885781, 1374156.472529830411077 ], [ 877632.502741579897702, 1374158.558729829266667 ], [ 877631.892941579222679, 1374160.92652983032167 ], [ 877631.496541579253972, 1374166.136529829353094 ], [ 877631.294341580010951, 1374168.94932983070612 ], [ 877630.778941580094397, 1374171.984529830515385 ], [ 877629.75094157923013, 1374178.280529830604792 ], [ 877629.300541579723358, 1374183.79452982917428 ], [ 877629.136541579850018, 1374188.571129830554128 ], [ 877628.793941579759121, 1374190.901529829949141 ], [ 877627.904941579326987, 1374193.068529829382896 ], [ 877625.339941579848528, 1374196.938529830425978 ], [ 877624.136341579258442, 1374198.709929829463363 ], [ 877623.330941579304636, 1374200.455129830166698 ], [ 877622.450541580095887, 1374203.886129830032587 ], [ 877622.067941579967737, 1374208.099529830738902 ], [ 877621.558941579423845, 1374213.467529829591513 ], [ 877620.229541579261422, 1374220.686129830777645 ], [ 877617.965941580012441, 1374229.545529829338193 ], [ 877615.32794157974422, 1374238.690529830753803 ], [ 877612.805941579863429, 1374247.316529830917716 ], [ 877610.417541579343379, 1374255.568529829382896 ], [ 877607.889941579662263, 1374263.781129829585552 ], [ 877606.672941579483449, 1374267.721729829907417 ], [ 877605.737541579641402, 1374271.672129830345511 ], [ 877605.112141579389572, 1374275.473529830574989 ], [ 877604.824941579252481, 1374278.968129830434918 ], [ 877604.500741579569876, 1374282.127129830420017 ], [ 877603.763941579498351, 1374284.922129830345511 ], [ 877601.582941579632461, 1374290.595129830762744 ], [ 877600.282341579906642, 1374293.368129830807447 ], [ 877598.856541579589248, 1374295.567129829898477 ], [ 877597.705341579392552, 1374297.573929829522967 ], [ 877597.228941579349339, 1374299.770529830828309 ], [ 877596.942741579376161, 1374302.225129829719663 ], [ 877596.361541579477489, 1374305.005529830232263 ], [ 877595.152541579678655, 1374311.720529830083251 ], [ 877594.447941579855978, 1374315.471129830926657 ], [ 877593.294941579923034, 1374319.179529830813408 ], [ 877592.12494157999754, 1374322.74412983097136 ], [ 877591.368941579945385, 1374326.063129829242826 ], [ 877590.632341579534113, 1374329.226129829883575 ], [ 877589.519941579550505, 1374332.323129830881953 ], [ 877586.815541579388082, 1374338.29312982968986 ], [ 877583.778941580094397, 1374344.720129830762744 ], [ 877580.740941579453647, 1374350.790529830381274 ], [ 877579.526741580106318, 1374353.366729829460382 ], [ 877578.695941579528153, 1374355.996529830619693 ], [ 877577.426541579887271, 1374360.968529829755425 ], [ 877576.741341579705477, 1374363.041129829362035 ], [ 877575.946541579440236, 1374364.627529829740524 ], [ 877573.033541579730809, 1374368.75312983058393 ], [ 877569.178541579283774, 1374374.416129829362035 ], [ 877565.948541579768062, 1374379.691129829734564 ], [ 877562.541941579431295, 1374384.987529831007123 ], [ 877559.414941580034792, 1374389.614129830151796 ], [ 877557.093541579321027, 1374393.232129830867052 ], [ 877554.328941579908133, 1374397.009529830887914 ], [ 877552.897341579198837, 1374398.959129830822349 ], [ 877551.805941579863429, 1374401.041129829362035 ], [ 877550.015941579826176, 1374404.899129830300808 ], [ 877547.898541579954326, 1374408.847129829227924 ], [ 877546.457341579720378, 1374411.086929829791188 ], [ 877544.630941580049694, 1374413.330529829487205 ], [ 877542.768941579386592, 1374415.230929829180241 ], [ 877541.220941579900682, 1374416.441129829734564 ], [ 877539.478341579437256, 1374417.741929830983281 ], [ 877537.031941579654813, 1374419.914529830217361 ], [ 877532.832941579632461, 1374423.600129829719663 ], [ 877531.377341579645872, 1374424.581329829990864 ], [ 877529.812541579827666, 1374425.371129829436541 ], [ 877528.120941579341888, 1374426.263729829341173 ], [ 877526.285541580058634, 1374427.553529830649495 ], [ 877521.706541579216719, 1374431.338529830798507 ], [ 877519.215341580100358, 1374433.709129830822349 ], [ 877517.084941579960287, 1374436.228129830211401 ], [ 877513.847541579976678, 1374440.955129830166698 ], [ 877510.924541579559445, 1374445.715529829263687 ], [ 877509.353941579349339, 1374448.06592983007431 ], [ 877507.912941579706967, 1374449.864129830151796 ], [ 877504.425541579723358, 1374453.396529830992222 ], [ 877500.442941579967737, 1374457.516129830852151 ], [ 877498.64874157961458, 1374459.819529829546809 ], [ 877497.007541579194367, 1374462.5121298301965 ], [ 877493.799541579559445, 1374467.720529830083251 ], [ 877490.729941579513252, 1374472.751529829576612 ], [ 877487.725541579537094, 1374478.513129830360413 ], [ 877484.767941579222679, 1374484.260129829868674 ], [ 877483.215141579508781, 1374486.935329830273986 ], [ 877481.314541579224169, 1374489.571129830554128 ], [ 877477.360541579313576, 1374494.208529829978943 ], [ 877473.619941580109298, 1374500.000129830092192 ], [ 877466.083941579796374, 1374506.867129830643535 ], [ 877459.488941580057144, 1374512.359129829332232 ], [ 877451.811941579915583, 1374524.420129830017686 ], [ 877445.403941580094397, 1374534.920129830017686 ], [ 877437.642941579222679, 1374545.417129829525948 ], [ 877429.603941579349339, 1374555.391129830852151 ], [ 877421.341941579245031, 1374565.21512982994318 ], [ 877415.457941579632461, 1374573.320129830390215 ], [ 877410.872941579669714, 1374581.993129830807447 ], [ 877405.0309415794909, 1374590.884129829704762 ], [ 877399.072941579855978, 1374598.64612982980907 ], [ 877393.631941579282284, 1374604.301129831001163 ], [ 877390.615941579453647, 1374611.34912982955575 ], [ 877386.937941580079496, 1374620.127129830420017 ], [ 877382.219941579736769, 1374629.170129830017686 ], [ 877394.736541579477489, 1374631.72412982955575 ], [ 877400.111941579729319, 1374633.24412983097136 ], [ 877396.322941579855978, 1374634.380529830232263 ], [ 877392.680741579271853, 1374638.022129829972982 ], [ 877389.792741579934955, 1374646.685129830613732 ], [ 877374.59274157974869, 1374721.396329829469323 ], [ 877361.329541579820216, 1374809.611329829320312 ], [ 877350.392141579650342, 1374874.748529830947518 ], [ 877347.92074157949537, 1374889.466129830107093 ], [ 877351.13934157975018, 1374888.414129830896854 ], [ 877502.606941579841077, 1374838.909529829397798 ], [ 877731.185341579839587, 1374760.568329829722643 ], [ 877893.469741580076516, 1374707.929929830133915 ] ] ] ] } },
{ "type": "Feature", "properties": { "NOM_BARRIO": "EL TRIANGULO", "BARRIO": "022", "PK_BARRIO": "1541001022", "MUNICIPIO": "154", "SECTOR": "1", "CORREGIMIE": "001", "SHAPE_Leng": 11344.933052300001, "SHAPE_Area": 2959899.0658999998 }, "geometry": { "type": "MultiPolygon", "coordinates": [ [ [ [ 873641.653141579590738, 1375094.338929830119014 ], [ 873696.289741579443216, 1375088.446529829874635 ], [ 874055.736141579225659, 1375250.034129830077291 ], [ 874124.012541580013931, 1375275.754729829728603 ], [ 874156.282741579227149, 1375288.901529829949141 ], [ 874186.54754157923162, 1375295.984729830175638 ], [ 874267.722941579297185, 1375283.054129829630256 ], [ 874649.828741579316556, 1375225.076929830014706 ], [ 874674.759941579774022, 1375212.536929830908775 ], [ 874798.932941579259932, 1375158.748129829764366 ], [ 874799.498541579581797, 1375158.50312983058393 ], [ 875052.417541579343379, 1375048.612529831007123 ], [ 875151.054141579195857, 1375004.093529829755425 ], [ 875208.980741580016911, 1374977.948729829862714 ], [ 875216.835341579280794, 1374974.716129830107093 ], [ 875250.099741579964757, 1374961.027729829773307 ], [ 875284.285141579806805, 1374946.960329830646515 ], [ 875306.202741580083966, 1374937.941129829734564 ], [ 875326.054141579195857, 1374940.607529830187559 ], [ 875368.926941579207778, 1374941.866129830479622 ], [ 875387.641741579398513, 1374951.49552983045578 ], [ 875413.862941579893231, 1374957.457929830998182 ], [ 875441.789341580122709, 1374963.807929830625653 ], [ 875450.444141579791903, 1374966.281329829245806 ], [ 875465.647141579538584, 1374975.493129830807447 ], [ 875485.627341579645872, 1374993.524129830300808 ], [ 875501.788341579958797, 1374998.440729830414057 ], [ 875519.528141579590738, 1374992.024329829961061 ], [ 875530.096741579473019, 1374991.646729830652475 ], [ 875538.022941580042243, 1374994.666329830884933 ], [ 875547.836541580036283, 1374995.421329829841852 ], [ 875561.119541579857469, 1374987.319329829886556 ], [ 875559.389141580089927, 1374977.654529830440879 ], [ 875556.967541580088437, 1374964.128929829224944 ], [ 875561.742741580121219, 1374953.219129830598831 ], [ 875578.062941580079496, 1374932.720329830422997 ], [ 875597.774541580118239, 1374921.396729830652475 ], [ 875592.628541579470038, 1374909.546729829162359 ], [ 875605.072741579264402, 1374880.437529830262065 ], [ 875613.800941579975188, 1374884.904129829257727 ], [ 875664.519541579298675, 1374891.848729830235243 ], [ 875672.273941579274833, 1374895.611329829320312 ], [ 875681.930445430451073, 1374900.702212923904881 ], [ 875691.920995717402548, 1374905.101538130315021 ], [ 875702.196141580119729, 1374908.787529829889536 ], [ 875707.185001520905644, 1374909.686018168693408 ], [ 875712.012871777173132, 1374911.231228054501116 ], [ 875716.596300545963459, 1374913.396449873223901 ], [ 875720.856061299797148, 1374916.144256839295849 ], [ 875724.718522251350805, 1374919.427151933778077 ], [ 875728.116919110412709, 1374923.188388910144567 ], [ 875730.992509133182466, 1374927.362953177653253 ], [ 875733.295586515683681, 1374931.878685607109219 ], [ 875734.986341579817235, 1374936.657529830932617 ], [ 875736.771954793133773, 1374941.84006751794368 ], [ 875739.175021628616378, 1374946.766768362373114 ], [ 875742.159816406550817, 1374951.364388568559662 ], [ 875745.681965071125887, 1374955.564576684730127 ], [ 875749.689104885910638, 1374959.304889763938263 ], [ 875754.121662895660847, 1374962.529721684521064 ], [ 875758.913741579279304, 1374965.191129829734564 ], [ 875764.505203525768593, 1374969.277736969990656 ], [ 875769.818529763026163, 1374973.719962641363963 ], [ 875774.831141579896212, 1374978.498929830268025 ], [ 875778.581741579808295, 1374981.904329830780625 ], [ 875781.972060948610306, 1374984.524533824762329 ], [ 875785.699471223633736, 1374986.637859884416685 ], [ 875789.688741880236194, 1374988.201654634671286 ], [ 875793.85935725143645, 1374989.18435592087917 ], [ 875798.127141579985619, 1374989.566129829734564 ], [ 875823.206541579216719, 1374989.546129830181599 ], [ 875853.756541579961777, 1374989.484929829835892 ], [ 875899.558141579851508, 1374989.232529830187559 ], [ 875898.273141579702497, 1374996.160729829221964 ], [ 875950.150341579690576, 1374998.177529830485582 ], [ 876000.088141580112278, 1374999.978129830211401 ], [ 876016.157541579566896, 1375000.628729829564691 ], [ 876016.692541579715908, 1375000.650329830124974 ], [ 876027.022141579538584, 1375001.892929829657078 ], [ 876034.942941579967737, 1375002.953529831022024 ], [ 876037.368741579353809, 1375003.273729830980301 ], [ 876039.282941579818726, 1375003.408129829913378 ], [ 876039.12494157999754, 1375011.74412983097136 ], [ 876044.906941579654813, 1375015.972129829227924 ], [ 876052.153541579842567, 1375042.02872982993722 ], [ 876051.422941579483449, 1375045.505529830232263 ], [ 876059.602941580116749, 1375036.860929829999804 ], [ 876058.447341579943895, 1375032.669729830697179 ], [ 876057.98474157974124, 1375030.875329829752445 ], [ 876050.641741579398513, 1375004.335929829627275 ], [ 876043.88174157962203, 1374978.223529830574989 ], [ 876040.431341580115259, 1374960.562729829922318 ], [ 876037.594741580076516, 1374947.543329829350114 ], [ 876033.493741579353809, 1374919.69232982955873 ], [ 876031.853141579777002, 1374901.397929830476642 ], [ 876027.188141579739749, 1374844.459129830822349 ], [ 876023.35794158000499, 1374803.772329829633236 ], [ 876013.785141579806805, 1374705.239729830995202 ], [ 876006.059741579927504, 1374622.851329829543829 ], [ 876004.791541580110788, 1374606.579129830002785 ], [ 876002.300741579383612, 1374576.726929830387235 ], [ 875994.461741579696536, 1374482.092729829251766 ], [ 875985.954141579568386, 1374381.631529830396175 ], [ 875974.097141579724848, 1374264.271729830652475 ], [ 875968.863141579553485, 1374215.908129829913378 ], [ 875963.483541579917073, 1374216.662529829889536 ], [ 875955.310741580091417, 1374217.639729829505086 ], [ 875940.979741579852998, 1374219.823929829522967 ], [ 875928.785141579806805, 1374221.914929829537868 ], [ 875914.68774157948792, 1374224.151929829269648 ], [ 875899.799541579559445, 1374225.072929829359055 ], [ 875890.840341580100358, 1374225.204529829323292 ], [ 875873.185541579499841, 1374226.388729829341173 ], [ 875858.956141579896212, 1374228.230929829180241 ], [ 875854.213141580112278, 1374229.809929830953479 ], [ 875847.50714157987386, 1374232.849729830399156 ], [ 875847.673541579395533, 1374237.629729829728603 ], [ 875851.234141579829156, 1374268.317929830402136 ], [ 875853.514541579410434, 1374299.062129830941558 ], [ 875855.149341579526663, 1374312.023529829457402 ], [ 875853.563141579739749, 1374312.185929829254746 ], [ 875849.129741579294205, 1374313.242129830643535 ], [ 875845.63174157962203, 1374314.541929829865694 ], [ 875841.52374157961458, 1374316.044929830357432 ], [ 875838.346541579812765, 1374316.57212983071804 ], [ 875831.084141579456627, 1374315.921329829841852 ], [ 875821.783741579391062, 1374313.499729830771685 ], [ 875817.878941579721868, 1374312.681729830801487 ], [ 875812.359541580080986, 1374310.253529829904437 ], [ 875808.350741579197347, 1374308.489929830655456 ], [ 875802.574341579340398, 1374307.690129829570651 ], [ 875796.442541579715908, 1374306.001729829236865 ], [ 875792.887941579334438, 1374304.57972983084619 ], [ 875787.911341579630971, 1374303.779929829761386 ], [ 875786.222741579636931, 1374302.713529830798507 ], [ 875784.853741579689085, 1374299.189329830929637 ], [ 875783.645741580054164, 1374297.470329830422997 ], [ 875781.690541579388082, 1374295.693129830062389 ], [ 875778.935741580091417, 1374294.448929829522967 ], [ 875776.180741579271853, 1374294.004729829728603 ], [ 875772.892741579562426, 1374294.360129829496145 ], [ 875767.116341579705477, 1374293.738129829987884 ], [ 875760.749341580085456, 1374292.290729830041528 ], [ 875753.680741579271853, 1374291.062329830601811 ], [ 875744.095941579900682, 1374289.956729829311371 ], [ 875738.207741579972208, 1374290.226929830387235 ], [ 875718.720341579988599, 1374289.475129829719663 ], [ 875713.283941579982638, 1374288.222329830750823 ], [ 875710.941941579803824, 1374286.885929830372334 ], [ 875708.28814157936722, 1374285.105729829519987 ], [ 875707.388341579586267, 1374282.268129829317331 ], [ 875706.217141579836607, 1374278.57432983070612 ], [ 875705.089741579256952, 1374275.018529830500484 ], [ 875703.272341579198837, 1374269.286929830908775 ], [ 875700.895941579714417, 1374266.491129830479622 ], [ 875693.718741579912603, 1374263.242529829964042 ], [ 875689.281741579994559, 1374261.214129829779267 ], [ 875685.884541579522192, 1374260.101129829883575 ], [ 875685.592141579836607, 1374256.006329830735922 ], [ 875666.492941579781473, 1374257.197329830378294 ], [ 875666.123141579329967, 1374257.138729829341173 ], [ 875665.316141579300165, 1374257.010929830372334 ], [ 875665.262341579422355, 1374256.406129829585552 ], [ 875664.891541579738259, 1374252.234729830175638 ], [ 875660.113541579805315, 1374252.673929831013083 ], [ 875654.902541579678655, 1374253.152729829773307 ], [ 875653.290941579267383, 1374254.585129830986261 ], [ 875651.726341580040753, 1374255.975729830563068 ], [ 875648.059341579675674, 1374259.234529830515385 ], [ 875640.787341579794884, 1374267.73932982981205 ], [ 875631.459141579456627, 1374276.726329829543829 ], [ 875628.034941579215229, 1374280.806129829958081 ], [ 875625.511741579510272, 1374288.425929829478264 ], [ 875624.67074157949537, 1374291.305729830637574 ], [ 875622.928541579283774, 1374293.165729830041528 ], [ 875620.825941579416394, 1374294.005529830232263 ], [ 875618.122541579417884, 1374294.485529830679297 ], [ 875613.874741579405963, 1374298.839729830622673 ], [ 875610.613341579213738, 1374302.793529830873013 ], [ 875611.159141579642892, 1374309.82972983084619 ], [ 875611.368341580033302, 1374312.525529829785228 ], [ 875593.250141579657793, 1374315.55212982930243 ], [ 875563.215141579508781, 1374321.133129829540849 ], [ 875553.976141579449177, 1374322.849929830059409 ], [ 875538.291741579771042, 1374325.764329830184579 ], [ 875533.305541579611599, 1374328.014529829844832 ], [ 875519.27954158000648, 1374334.343929830938578 ], [ 875485.868541579693556, 1374336.144329831004143 ], [ 875485.867941579781473, 1374336.131929829716682 ], [ 875485.689541579224169, 1374336.154129829257727 ], [ 875461.356141579337418, 1374337.477929830551147 ], [ 875431.669741579331458, 1374338.193929830566049 ], [ 875377.007541579194367, 1374339.512529829517007 ], [ 875355.941941579803824, 1374340.020529830828309 ], [ 875355.328541579656303, 1374335.261929830536246 ], [ 875354.77194157987833, 1374330.943929830566049 ], [ 875338.079141579568386, 1374201.430129829794168 ], [ 875330.638741579838097, 1374143.703929830342531 ], [ 875330.002941579557955, 1374138.770129829645157 ], [ 875293.230541579425335, 1374142.718329830095172 ], [ 875270.339341579936445, 1374145.175929829478264 ], [ 875200.283941579982638, 1374152.697529830038548 ], [ 875199.092941579408944, 1374145.635329829528928 ], [ 875192.348741579800844, 1374072.945729829370975 ], [ 875188.857341580092907, 1374035.315129829570651 ], [ 875188.5613415800035, 1374032.124529829248786 ], [ 875023.9059415794909, 1374047.066329829394817 ], [ 875018.684141580015421, 1374047.540129829198122 ], [ 874999.949541579931974, 1373825.527729829773307 ], [ 874997.045141579583287, 1373791.110929829999804 ], [ 874993.561541579663754, 1373749.829329829663038 ], [ 874991.887341579422355, 1373729.990529829636216 ], [ 874991.761341579258442, 1373728.496329830959439 ], [ 874964.434341579675674, 1373740.253329830244184 ], [ 874953.035941579379141, 1373733.795529829338193 ], [ 874931.897141579538584, 1373707.424529829993844 ], [ 874927.711341579444706, 1373716.214729830622673 ], [ 874919.967341579496861, 1373737.981529830023646 ], [ 874904.958141579292715, 1373773.159129830077291 ], [ 874883.182341579347849, 1373768.719329830259085 ], [ 874860.877941579557955, 1373783.412729829549789 ], [ 874851.892741579562426, 1373797.68332982994616 ], [ 874851.047141579911113, 1373812.05972982943058 ], [ 874829.799941579811275, 1373805.505729829892516 ], [ 874830.751141579821706, 1373766.288129830732942 ], [ 874804.958541579544544, 1373771.996329830959439 ], [ 874795.550541579723358, 1373771.044929830357432 ], [ 874797.598741579800844, 1373750.790529830381274 ], [ 874770.920541579835117, 1373763.328329829499125 ], [ 874771.026341579854488, 1373772.102129830047488 ], [ 874780.011541579850018, 1373789.755329830572009 ], [ 874756.544341580010951, 1373818.507729830220342 ], [ 874749.46194157935679, 1373819.142129831016064 ], [ 874744.387941579334438, 1373814.385129829868674 ], [ 874746.713541579432786, 1373790.91812982968986 ], [ 874723.246341579593718, 1373781.721529830247164 ], [ 874686.988541579805315, 1373750.64332983084023 ], [ 874675.360741579905152, 1373752.017529830336571 ], [ 874672.717941579408944, 1373765.653929829597473 ], [ 874691.216941579245031, 1373770.305129829794168 ], [ 874710.138541579246521, 1373780.770129829645157 ], [ 874713.204141579568386, 1373798.317529829218984 ], [ 874694.388141579926014, 1373813.64532982930541 ], [ 874680.223341579549015, 1373809.416929829865694 ], [ 874656.01614157948643, 1373805.61152983084321 ], [ 874650.836541580036283, 1373792.71512982994318 ], [ 874639.842941579408944, 1373782.461529830470681 ], [ 874625.360941579565406, 1373762.271329829469323 ], [ 874622.083941579796374, 1373762.799729829654098 ], [ 874627.580741579644382, 1373802.968729829415679 ], [ 874626.753541579470038, 1373803.775129830464721 ], [ 874635.714341579936445, 1373874.232529830187559 ], [ 874640.934941579587758, 1373915.281129829585552 ], [ 874645.174141579307616, 1373948.613529829308391 ], [ 874596.244941580109298, 1373962.006129829213023 ], [ 874493.858741579577327, 1373990.030329830944538 ], [ 874309.39834157936275, 1374020.796129830181599 ], [ 874291.694541580043733, 1374031.418329829350114 ], [ 874238.759741580113769, 1374046.523129830136895 ], [ 874203.347341579385102, 1374056.88772982917726 ], [ 874195.485941579565406, 1374056.150729829445481 ], [ 874177.877741579897702, 1374054.499929830431938 ], [ 874290.35174157936126, 1374276.2013298291713 ], [ 874373.407941579818726, 1374442.978129830211401 ], [ 874407.588341579772532, 1374499.507529830560088 ], [ 874398.385941579937935, 1374621.768529830500484 ], [ 874331.518341579474509, 1374597.027529830113053 ], [ 874269.551741579547524, 1374571.812329830601811 ], [ 873998.736941579729319, 1374310.200129829347134 ], [ 873977.34314158000052, 1374301.605129830539227 ], [ 873971.421741579659283, 1374299.208329830318689 ], [ 873943.424941579811275, 1374297.990929830819368 ], [ 873920.905741579830647, 1374269.385529829189181 ], [ 873908.12454157974571, 1374276.689129829406738 ], [ 873906.907341579906642, 1374285.209729829803109 ], [ 873884.884341579861939, 1374308.836529830470681 ], [ 873881.512941579334438, 1374312.640129830688238 ], [ 873856.962741579860449, 1374303.248529830947518 ], [ 873830.412741580046713, 1374282.050929829478264 ], [ 873765.348941579461098, 1374304.072529830038548 ], [ 873694.279341579414904, 1374283.051929829642177 ], [ 873651.765941579826176, 1374316.342929830774665 ], [ 873505.09414157923311, 1374431.196929829195142 ], [ 873353.394141579978168, 1374331.214129829779267 ], [ 873337.930541579611599, 1374321.089129829779267 ], [ 873343.9363415800035, 1374292.060729829594493 ], [ 873450.040341579355299, 1374264.033329829573631 ], [ 873463.883141580037773, 1374252.520729830488563 ], [ 873505.603741579689085, 1374217.82212983071804 ], [ 873357.950141579844058, 1374184.955729831010103 ], [ 873071.231341579928994, 1374121.134929830208421 ], [ 872959.609141579829156, 1374375.42572982981801 ], [ 872991.865341579541564, 1374405.938329830765724 ], [ 872742.506141579709947, 1374869.572929829359055 ], [ 872798.275141580030322, 1374959.501729829236865 ], [ 872812.065541579388082, 1374957.846929829567671 ], [ 872938.026741580106318, 1375109.089729830622673 ], [ 872978.001541580073535, 1375176.953929830342531 ], [ 873075.920941580086946, 1375302.850329829379916 ], [ 873119.742741580121219, 1375359.192529829218984 ], [ 873245.557941579259932, 1375278.108329830691218 ], [ 873370.28054157923907, 1375187.024729829281569 ], [ 873520.773141579702497, 1375128.556529829278588 ], [ 873641.653141579590738, 1375094.338929830119014 ] ] ] ] } },
{ "type": "Feature", "properties": { "NOM_BARRIO": "LA TRONCAL", "BARRIO": "035", "PK_BARRIO": "1541001035", "MUNICIPIO": "154", "SECTOR": "1", "CORREGIMIE": "001", "SHAPE_Leng": 2393.2467071699998, "SHAPE_Area": 212372.973226 }, "geometry": { "type": "MultiPolygon", "coordinates": [ [ [ [ 876186.33554157987237, 1375857.75452983006835 ], [ 876253.173341579735279, 1375847.484929829835892 ], [ 876279.691941579803824, 1375840.999129829928279 ], [ 876268.493941579945385, 1375799.370129829272628 ], [ 876254.626141579821706, 1375749.1067298296839 ], [ 876230.603941579349339, 1375662.038329830393195 ], [ 876192.876141579821706, 1375523.46372983045876 ], [ 876191.691541579551995, 1375519.085129830986261 ], [ 876164.681341580115259, 1375419.247129829600453 ], [ 876148.199141579680145, 1375358.683529829606414 ], [ 876131.845741579309106, 1375303.002329830080271 ], [ 876110.647541579790413, 1375222.779329830780625 ], [ 876097.705941579304636, 1375178.619529830291867 ], [ 876095.795141579583287, 1375172.099529830738902 ], [ 876066.616741579957306, 1375062.299129830673337 ], [ 876066.016541579738259, 1375060.122729830443859 ], [ 876059.602941580116749, 1375036.860929829999804 ], [ 876051.422941579483449, 1375045.505529830232263 ], [ 876044.275341579690576, 1375047.441329829394817 ], [ 876029.629941579885781, 1375051.649529829621315 ], [ 876030.386141579598188, 1375054.476729830726981 ], [ 876034.651541579514742, 1375070.422529829666018 ], [ 876021.715741579420865, 1375074.543529830873013 ], [ 876022.282341579906642, 1375077.048529829829931 ], [ 875927.321941579692066, 1375121.324129829183221 ], [ 875922.43734157923609, 1375124.513929830864072 ], [ 875943.340741579420865, 1375234.463129829615355 ], [ 875947.772741579450667, 1375257.385929830372334 ], [ 875948.10754157975316, 1375265.828729830682278 ], [ 875943.694141579791903, 1375282.743129830807447 ], [ 875923.40634157974273, 1375314.222529830411077 ], [ 875938.701741579920053, 1375327.529129829257727 ], [ 875959.824141579680145, 1375331.164329830557108 ], [ 875967.650741579942405, 1375371.725529830902815 ], [ 875921.146141579374671, 1375387.386929830536246 ], [ 875926.032941579818726, 1375462.608729830011725 ], [ 875890.021541579626501, 1375499.197729829698801 ], [ 875844.601141579449177, 1375500.881129829213023 ], [ 875848.112941579893231, 1375512.39332983084023 ], [ 875853.62494157999754, 1375527.19932983070612 ], [ 875859.961141579784453, 1375539.625129830092192 ], [ 875878.548141580075026, 1375570.600729830563068 ], [ 875882.199141579680145, 1375579.52112982980907 ], [ 875882.333941579796374, 1375584.962929829955101 ], [ 875888.826741579920053, 1375604.783329829573631 ], [ 875892.223541579209268, 1375615.152529830113053 ], [ 875891.728341579437256, 1375625.457729829475284 ], [ 875884.83694157935679, 1375644.318529829382896 ], [ 875868.877741579897702, 1375677.325129829347134 ], [ 875867.029741579666734, 1375681.147329829633236 ], [ 875867.426941579207778, 1375686.755529830232263 ], [ 875869.604741579852998, 1375691.495329830795527 ], [ 875873.592941579408944, 1375700.175929829478264 ], [ 875889.552141579799354, 1375728.467129830271006 ], [ 875896.174741579219699, 1375740.207129830494523 ], [ 875900.611541579477489, 1375747.694929830729961 ], [ 875868.180741579271853, 1375762.679929830133915 ], [ 875830.615741579793394, 1375776.068529829382896 ], [ 875830.677341579459608, 1375779.555929830297828 ], [ 875830.721941580064595, 1375782.081329829990864 ], [ 875830.816941579803824, 1375787.461129829287529 ], [ 875830.810341579839587, 1375788.124129829928279 ], [ 875830.832341579720378, 1375793.0763298291713 ], [ 875830.854741579852998, 1375798.153329830616713 ], [ 875831.071941579692066, 1375799.562129830941558 ], [ 875831.274341579526663, 1375803.584729829803109 ], [ 875831.61514157988131, 1375803.576929830014706 ], [ 875831.672341579571366, 1375806.624329829588532 ], [ 875829.422741579823196, 1375806.677729830145836 ], [ 875829.533141579478979, 1375807.662929829210043 ], [ 875829.683341579511762, 1375812.561929829418659 ], [ 875830.86514157988131, 1375812.518929829820991 ], [ 875831.584141579456627, 1375817.436929829418659 ], [ 875832.162941579706967, 1375821.798129830509424 ], [ 875832.934341579675674, 1375827.611329829320312 ], [ 875833.040141579695046, 1375828.408929830417037 ], [ 875833.792541579343379, 1375835.247929830104113 ], [ 875834.166741579771042, 1375838.649129830300808 ], [ 875834.496941579505801, 1375841.651129830628633 ], [ 875833.814941579475999, 1375841.676129831001163 ], [ 875834.381941579282284, 1375847.722529830411077 ], [ 875834.570941579528153, 1375849.736929830163717 ], [ 875834.954941580072045, 1375853.830529829487205 ], [ 875842.582741579972208, 1375853.549129830673337 ], [ 875908.35934157948941, 1375850.492129830643535 ], [ 875989.816741579212248, 1375855.226729830726981 ], [ 876104.46054157987237, 1375859.531129829585552 ], [ 876130.320141579955816, 1375859.961529830470681 ], [ 876186.33554157987237, 1375857.75452983006835 ] ] ] ] } },
{ "type": "Feature", "properties": { "NOM_BARRIO": "CAMPO ALEGRE", "BARRIO": "001", "PK_BARRIO": "1541013001", "MUNICIPIO": "154", "SECTOR": "1", "CORREGIMIE": "013", "SHAPE_Leng": 2110.5244581900001, "SHAPE_Area": 81386.018228300003 }, "geometry": { "type": "MultiPolygon", "coordinates": [ [ [ [ 871000.310541579499841, 1377723.203329829499125 ], [ 871014.552741579711437, 1377713.673529829829931 ], [ 871015.575941579416394, 1377715.67512983083725 ], [ 871030.745341579429805, 1377745.946129830554128 ], [ 871060.053141579963267, 1377728.138329830020666 ], [ 871078.820141579955816, 1377758.517929829657078 ], [ 871133.981941579841077, 1377740.243529830127954 ], [ 871093.334341580048203, 1377666.93192983046174 ], [ 871091.177341579459608, 1377663.711729830130935 ], [ 871090.653341579250991, 1377662.752929830923676 ], [ 871092.558741579763591, 1377661.477929830551147 ], [ 871221.11694157961756, 1377557.967329829931259 ], [ 871221.862541579641402, 1377558.832929830998182 ], [ 871236.773141579702497, 1377577.790129829198122 ], [ 871258.518341579474509, 1377560.876929830759764 ], [ 871284.521141579374671, 1377539.883529830724001 ], [ 871285.509541579522192, 1377541.147529829293489 ], [ 871288.644941579550505, 1377545.157129829749465 ], [ 871293.264941579662263, 1377551.065129829570651 ], [ 871309.128341579809785, 1377538.867529829964042 ], [ 871323.854141579940915, 1377528.309529829770327 ], [ 871326.862541579641402, 1377526.152529830113053 ], [ 871337.141941579990089, 1377518.754329830408096 ], [ 871345.306141579523683, 1377512.681529829278588 ], [ 871353.454941580072045, 1377506.842929830774665 ], [ 871362.806141579523683, 1377500.033329829573631 ], [ 871373.496141579933465, 1377491.957729829475284 ], [ 871374.340141579508781, 1377493.126129830256104 ], [ 871382.286941579543054, 1377487.519929829984903 ], [ 871390.037741580046713, 1377482.388929830864072 ], [ 871398.765541579574347, 1377476.485929829999804 ], [ 871409.941141579300165, 1377468.789129830896854 ], [ 871388.111141579225659, 1377437.745329830795527 ], [ 871376.644741579890251, 1377423.659729830920696 ], [ 871355.93774157948792, 1377439.741929830983281 ], [ 871346.943941579200327, 1377446.459329830482602 ], [ 871343.162141579203308, 1377443.157329829409719 ], [ 871335.375141579657793, 1377434.419729830697179 ], [ 871329.850541579537094, 1377432.590529829263687 ], [ 871319.06234157923609, 1377423.220129830762744 ], [ 871298.158141579478979, 1377432.335129830986261 ], [ 871298.272141579538584, 1377432.544929830357432 ], [ 871282.192341580055654, 1377442.047329830005765 ], [ 871280.905741579830647, 1377440.140929829329252 ], [ 871280.303941579535604, 1377439.472329830750823 ], [ 871274.612741579301655, 1377443.917129829525948 ], [ 871243.84994157962501, 1377468.352729830890894 ], [ 871237.88354157935828, 1377463.124929830431938 ], [ 871229.807341579347849, 1377457.658929830417037 ], [ 871220.829941580072045, 1377451.753529829904437 ], [ 871212.729741579852998, 1377446.853729829192162 ], [ 871206.34454157948494, 1377442.974729830399156 ], [ 871200.630341579206288, 1377439.430329829454422 ], [ 871193.091341579332948, 1377434.584129830822349 ], [ 871186.853941579349339, 1377430.646729830652475 ], [ 871180.572541579604149, 1377426.634729830548167 ], [ 871173.655141579918563, 1377422.167929830029607 ], [ 871159.725941579788923, 1377414.44092983007431 ], [ 871148.207941579632461, 1377407.930129829794168 ], [ 871139.993741579353809, 1377403.143129829317331 ], [ 871132.311541579663754, 1377398.666329830884933 ], [ 871131.134941579774022, 1377400.743529830127954 ], [ 871101.841541579924524, 1377384.813129829242826 ], [ 871094.656541579402983, 1377381.114729830995202 ], [ 871087.345341579988599, 1377377.351329829543829 ], [ 871078.363941580057144, 1377372.673929831013083 ], [ 871074.292941579595208, 1377381.58252982981503 ], [ 871071.575941579416394, 1377387.528329830616713 ], [ 871036.206741579808295, 1377499.899529829621315 ], [ 871030.557541579939425, 1377514.788929829373956 ], [ 871026.773941579274833, 1377528.729729829356074 ], [ 871000.976541579701006, 1377632.976729830726981 ], [ 871016.308141579851508, 1377647.90992983058095 ], [ 871059.743541579693556, 1377661.482129830867052 ], [ 871064.080141579732299, 1377662.485329831019044 ], [ 871007.67834157962352, 1377700.225129829719663 ], [ 870991.478541580028832, 1377711.064729830250144 ], [ 870844.223741579800844, 1377826.866329830139875 ], [ 870854.673541579395533, 1377840.154329830780625 ], [ 870854.857341580092907, 1377840.160929830744863 ], [ 870854.64874157961458, 1377840.324729830026627 ], [ 870911.137541580013931, 1377915.375729830935597 ], [ 871017.912941579706967, 1377841.308129830285907 ], [ 870963.861341579817235, 1377757.128329830244184 ], [ 870961.501141579821706, 1377753.843329830095172 ], [ 871000.310541579499841, 1377723.203329829499125 ] ] ] ] } },
{ "type": "Feature", "properties": { "NOM_BARRIO": "BRISAS DEL CAUCA", "BARRIO": "003", "PK_BARRIO": "1541001003", "MUNICIPIO": "154", "SECTOR": "1", "CORREGIMIE": "001", "SHAPE_Leng": 971.49382656600005, "SHAPE_Area": 45308.838934300002 }, "geometry": { "type": "MultiPolygon", "coordinates": [ [ [ [ 876907.935141579248011, 1373372.498129829764366 ], [ 876907.831341579556465, 1373367.626729829236865 ], [ 876906.062141579575837, 1373360.253729829564691 ], [ 876905.488141579553485, 1373357.862129829823971 ], [ 876908.104941579513252, 1373357.580529829487205 ], [ 876908.519341579638422, 1373353.027129830792546 ], [ 876908.982141579501331, 1373347.93952983058989 ], [ 876908.549541579559445, 1373337.841329829767346 ], [ 876907.789941580034792, 1373327.784529829397798 ], [ 876910.843941579572856, 1373327.473929829895496 ], [ 876909.884741580113769, 1373317.868329830467701 ], [ 876913.864541579969227, 1373312.903329830616713 ], [ 876913.834141579456627, 1373311.209729829803109 ], [ 876913.782941579818726, 1373308.349329829216003 ], [ 876913.822541579604149, 1373304.21452983096242 ], [ 876913.83514157962054, 1373302.389129830524325 ], [ 876913.85034157987684, 1373300.19712983071804 ], [ 876913.815141580067575, 1373296.223329830914736 ], [ 876913.927341579459608, 1373292.081729829311371 ], [ 876913.963741580024362, 1373288.288129830732942 ], [ 876914.560741580091417, 1373283.086129829287529 ], [ 876916.158941579982638, 1373274.706729829311371 ], [ 876916.689541579224169, 1373271.924129830673337 ], [ 876916.575941579416394, 1373268.82352983020246 ], [ 876916.293541579507291, 1373261.126929830759764 ], [ 876917.11734157986939, 1373257.654929829761386 ], [ 876917.267741579562426, 1373252.035729829221964 ], [ 876917.939341579563916, 1373252.026729829609394 ], [ 876917.784741579554975, 1373246.43332982994616 ], [ 876917.775541579350829, 1373245.59772983007133 ], [ 876917.708141579292715, 1373239.540929829701781 ], [ 876918.228741579689085, 1373239.533329829573631 ], [ 876918.140541579574347, 1373235.141929829493165 ], [ 876918.662741580046713, 1373235.137329829856753 ], [ 876918.624341580085456, 1373232.427729830145836 ], [ 876918.5157415792346, 1373228.501929830759764 ], [ 876918.457341579720378, 1373226.395929830148816 ], [ 876918.219341579824686, 1373217.809529829770327 ], [ 876917.330341579392552, 1373206.553929829970002 ], [ 876916.439141579903662, 1373195.270129829645157 ], [ 876915.378741580061615, 1373185.326529830694199 ], [ 876914.995541580021381, 1373181.732129830867052 ], [ 876912.336341579444706, 1373156.797329830005765 ], [ 876912.327341579832137, 1373156.713929830119014 ], [ 876791.356741579249501, 1373168.993929829448462 ], [ 876782.461341579444706, 1373169.897129829972982 ], [ 876781.353141579777002, 1373160.829929830506444 ], [ 876759.171341579407454, 1373160.80072982981801 ], [ 876743.183941579423845, 1373199.136329829692841 ], [ 876740.426741579547524, 1373205.747529830783606 ], [ 876739.876341579481959, 1373207.007929829880595 ], [ 876735.761741579510272, 1373216.430329829454422 ], [ 876730.177541580051184, 1373228.369329830631614 ], [ 876725.317141579464078, 1373238.761129830032587 ], [ 876720.025741579942405, 1373250.07432983070612 ], [ 876697.941741579212248, 1373303.53492983058095 ], [ 876690.181041579693556, 1373381.201729830354452 ], [ 876694.771541579626501, 1373380.668329829350114 ], [ 876696.069741579703987, 1373380.517529830336571 ], [ 876704.255541579797864, 1373456.111329829320312 ], [ 876711.743141579441726, 1373459.007729830220342 ], [ 876731.893341579474509, 1373446.280729830265045 ], [ 876726.270741580054164, 1373392.652729829773307 ], [ 876742.961541580036283, 1373387.930529830977321 ], [ 876753.440141580067575, 1373386.932529829442501 ], [ 876775.641941579990089, 1373386.688729830086231 ], [ 876794.542741579934955, 1373384.405529830604792 ], [ 876809.575941579416394, 1373380.196329830214381 ], [ 876828.06854157987982, 1373380.355729829519987 ], [ 876834.472141579724848, 1373379.582129830494523 ], [ 876907.935141579248011, 1373372.498129829764366 ] ] ] ] } },
{ "type": "Feature", "properties": { "NOM_BARRIO": "EL MAN", "BARRIO": "001", "PK_BARRIO": "1541001001", "MUNICIPIO": "154", "SECTOR": "1", "CORREGIMIE": "001", "SHAPE_Leng": 6300.0895808400001, "SHAPE_Area": 1326704.6711200001 }, "geometry": { "type": "MultiPolygon", "coordinates": [ [ [ [ 875384.863141579553485, 1371803.043529830873013 ], [ 875393.504341579973698, 1371869.883329829201102 ], [ 875403.40454158000648, 1371916.443529829382896 ], [ 875406.675141579471529, 1371926.840529829263687 ], [ 875408.439941579475999, 1371932.4513298291713 ], [ 875417.711541580036283, 1371961.92572982981801 ], [ 875432.395341579802334, 1371993.85812982916832 ], [ 875452.934941579587758, 1372030.163529830053449 ], [ 875503.184541579335928, 1372102.191129829734564 ], [ 875564.378541579470038, 1372185.9175298307091 ], [ 875584.254341579973698, 1372206.59012982994318 ], [ 875597.772741579450667, 1372222.736929830163717 ], [ 875610.949941579252481, 1372237.971129830926657 ], [ 875625.263341579586267, 1372251.387929830700159 ], [ 875641.644941579550505, 1372264.998729830607772 ], [ 875658.12454157974571, 1372277.487729830667377 ], [ 875673.291541580110788, 1372289.546729829162359 ], [ 875690.933541580103338, 1372303.369929829612374 ], [ 875709.576741579920053, 1372317.510329829528928 ], [ 875725.458141579292715, 1372330.641329830512404 ], [ 875745.908341580070555, 1372346.35532983019948 ], [ 875758.713341579772532, 1372359.522529829293489 ], [ 875770.232741579413414, 1372374.665129829198122 ], [ 875778.767741579562426, 1372385.546529829502106 ], [ 875789.703541579656303, 1372402.875129830092192 ], [ 875795.291741579771042, 1372414.210929829627275 ], [ 875796.744641579687595, 1372417.557129830121994 ], [ 875800.100941579788923, 1372425.287529829889536 ], [ 875805.778141579590738, 1372442.891129830852151 ], [ 875809.354741579852998, 1372456.814129829406738 ], [ 875810.865941579453647, 1372464.517129831016064 ], [ 875814.596341579221189, 1372482.860929829999804 ], [ 875817.060541579499841, 1372528.805929830297828 ], [ 875817.813741579651833, 1372536.980529829859734 ], [ 875822.769941579550505, 1372590.780929829925299 ], [ 875833.066341579891741, 1372702.548329830169678 ], [ 875854.074141579680145, 1372930.587929829955101 ], [ 875859.471141579560935, 1372996.651129830628633 ], [ 875877.013341579586267, 1373212.347329830750823 ], [ 875906.693941579200327, 1373489.584329830482602 ], [ 875918.402541579678655, 1373652.841729830950499 ], [ 875926.548141580075026, 1373674.758129829540849 ], [ 875932.133141580037773, 1373685.042129829525948 ], [ 875942.232741579413414, 1373701.077529830858111 ], [ 875950.224741579964757, 1373710.794329829514027 ], [ 875959.085341579280794, 1373718.602329829707742 ], [ 875966.729741579852998, 1373724.848929829895496 ], [ 875976.806541579775512, 1373730.74832982942462 ], [ 875987.925741579383612, 1373736.127129830420017 ], [ 875995.917741579934955, 1373739.250529829412699 ], [ 876013.986541579477489, 1373743.935329830273986 ], [ 876054.641341580078006, 1373747.579129830002785 ], [ 876195.902941579930484, 1373733.475729830563068 ], [ 876444.92154157999903, 1373707.229329830035567 ], [ 876479.485941579565406, 1373703.040529830381274 ], [ 876479.490541579201818, 1373703.039929829537868 ], [ 876531.735141579993069, 1373695.053129829466343 ], [ 876564.03054157923907, 1373687.585129830986261 ], [ 876595.877141579985619, 1373675.545329829677939 ], [ 876602.423541579395533, 1373672.321129830554128 ], [ 876621.89834157936275, 1373662.72892983071506 ], [ 876643.604941579513252, 1373649.582929830998182 ], [ 876642.220741579309106, 1373643.47272983007133 ], [ 876639.050341580063105, 1373625.879329830408096 ], [ 876629.024141579866409, 1373570.23932982981205 ], [ 876627.214941579848528, 1373560.19992982968688 ], [ 876625.127541579306126, 1373550.47132983058691 ], [ 876620.137141579762101, 1373531.141129830852151 ], [ 876617.777941579930484, 1373521.45472983084619 ], [ 876615.402341580018401, 1373511.701129829511046 ], [ 876614.92074157949537, 1373509.724529830738902 ], [ 876612.989541579969227, 1373501.795729830861092 ], [ 876610.561941579915583, 1373491.828729830682278 ], [ 876608.712541579268873, 1373484.235329831019044 ], [ 876608.645741580054164, 1373483.960929829627275 ], [ 876608.154741579666734, 1373481.945329830050468 ], [ 876605.803141579963267, 1373472.290929829701781 ], [ 876603.415341579355299, 1373462.487729830667377 ], [ 876601.081941579468548, 1373452.907529830932617 ], [ 876598.661941579543054, 1373442.972129829227924 ], [ 876596.230741580016911, 1373432.219529829919338 ], [ 876594.082141580060124, 1373422.459329830482602 ], [ 876592.160941579379141, 1373413.793329829350114 ], [ 876591.9211415797472, 1373412.711529830470681 ], [ 876590.014141580089927, 1373403.486129829660058 ], [ 876587.899341579526663, 1373393.254929829388857 ], [ 876599.994541579857469, 1373391.815329829230905 ], [ 876608.855141580104828, 1373390.741329830139875 ], [ 876611.343541579321027, 1373390.437729829922318 ], [ 876617.827341579832137, 1373389.646929830312729 ], [ 876626.686541579663754, 1373388.589329829439521 ], [ 876631.272541579790413, 1373388.043729830533266 ], [ 876637.636341579258442, 1373387.304529830813408 ], [ 876638.256341579370201, 1373387.235929829999804 ], [ 876640.062541579827666, 1373387.03632983006537 ], [ 876644.473341579549015, 1373386.548929831013083 ], [ 876653.41314157936722, 1373385.50312983058393 ], [ 876662.369741579517722, 1373384.475729830563068 ], [ 876668.484541580080986, 1373383.775329830124974 ], [ 876671.343741579912603, 1373383.447929829359055 ], [ 876680.331141579896212, 1373382.443129830062389 ], [ 876685.208741579204798, 1373381.897729830816388 ], [ 876690.166941579431295, 1373381.343329830095172 ], [ 876690.181041579693556, 1373381.201729830354452 ], [ 876697.941741579212248, 1373303.53492983058095 ], [ 876720.025741579942405, 1373250.07432983070612 ], [ 876725.317141579464078, 1373238.761129830032587 ], [ 876730.177541580051184, 1373228.369329830631614 ], [ 876735.761741579510272, 1373216.430329829454422 ], [ 876739.876341579481959, 1373207.007929829880595 ], [ 876740.426741579547524, 1373205.747529830783606 ], [ 876743.183941579423845, 1373199.136329829692841 ], [ 876759.171341579407454, 1373160.80072982981801 ], [ 876781.353141579777002, 1373160.829929830506444 ], [ 876782.461341579444706, 1373169.897129829972982 ], [ 876791.356741579249501, 1373168.993929829448462 ], [ 876912.327341579832137, 1373156.713929830119014 ], [ 876912.336341579444706, 1373156.797329830005765 ], [ 876918.153141579590738, 1373156.20692983083427 ], [ 876920.254941579885781, 1373112.346129830926657 ], [ 876921.589941579848528, 1373084.488129829987884 ], [ 876924.245541580021381, 1373057.649129830300808 ], [ 876929.729341579601169, 1373002.223729830235243 ], [ 876930.236941579729319, 1372997.093129830434918 ], [ 876934.768741579726338, 1372939.44092983007431 ], [ 876936.457341579720378, 1372917.958129830658436 ], [ 876939.376341579481959, 1372900.290129829198122 ], [ 876949.498941579833627, 1372839.020129829645157 ], [ 876954.518941579386592, 1372808.635129829868674 ], [ 876956.678541579283774, 1372794.732929829508066 ], [ 876961.02194157987833, 1372766.773129830136895 ], [ 877008.592941579408944, 1372741.221129830926657 ], [ 877042.251341579481959, 1372725.427529830485582 ], [ 877040.650741579942405, 1372723.597129829227924 ], [ 877013.501541580073535, 1372700.854329830035567 ], [ 876979.548541579395533, 1372671.918729830533266 ], [ 876947.40634157974273, 1372647.956329829990864 ], [ 876913.89694157987833, 1372622.618729829788208 ], [ 876888.459141579456627, 1372603.753729829564691 ], [ 876876.117941579781473, 1372595.70472983084619 ], [ 876870.325141579844058, 1372591.680129829794168 ], [ 876867.050941579975188, 1372587.152529830113053 ], [ 876826.515341579914093, 1372554.726929830387235 ], [ 876808.354741579852998, 1372541.37332982942462 ], [ 876802.966541579924524, 1372536.390529830008745 ], [ 876800.17254157923162, 1372532.802929829806089 ], [ 876798.376341579481959, 1372529.016129830852151 ], [ 876795.582541579380631, 1372522.239729830995202 ], [ 876792.588941579684615, 1372513.470129830762744 ], [ 876786.801541579887271, 1372503.903329830616713 ], [ 876784.779341579414904, 1372502.308529829606414 ], [ 876781.142341579310596, 1372501.361129829660058 ], [ 876778.137941579334438, 1372501.992729829624295 ], [ 876776.556541579775512, 1372502.624529829248786 ], [ 876775.291541580110788, 1372503.57212983071804 ], [ 876773.235941579565406, 1372503.729929830878973 ], [ 876771.338341579772532, 1372502.624529829248786 ], [ 876769.756941579282284, 1372500.729329830035567 ], [ 876768.175741579383612, 1372499.150129830464721 ], [ 876767.068741579540074, 1372497.570929830893874 ], [ 876766.436141579411924, 1372495.833729829639196 ], [ 876765.32934157922864, 1372493.938529830425978 ], [ 876763.273541579954326, 1372492.517129831016064 ], [ 876759.478541580028832, 1372490.306329829618335 ], [ 876757.897141579538584, 1372488.411129830405116 ], [ 876755.841541579924524, 1372485.41052982956171 ], [ 876749.674341579899192, 1372480.041129829362035 ], [ 876734.651141579262912, 1372471.595129830762744 ], [ 876722.567741579376161, 1372466.969129830598831 ], [ 876713.30374157987535, 1372463.549729829654098 ], [ 876710.282741579227149, 1372461.33732983097434 ], [ 876707.463341579772532, 1372458.119329830631614 ], [ 876706.053541579283774, 1372454.901329830288887 ], [ 876705.650741579942405, 1372450.677529830485582 ], [ 876705.449541579931974, 1372446.05152983032167 ], [ 876706.053541579283774, 1372439.816529830917716 ], [ 876706.456341579556465, 1372436.598329830914736 ], [ 876706.053541579283774, 1372434.385929830372334 ], [ 876703.032741579227149, 1372430.966729830950499 ], [ 876702.831341579556465, 1372428.955529829487205 ], [ 876703.435541579499841, 1372427.34632983058691 ], [ 876704.442541579715908, 1372425.133929830044508 ], [ 876706.859141579829156, 1372419.502329830080271 ], [ 876706.657741579227149, 1372412.261729830875993 ], [ 876706.053541579283774, 1372408.842529829591513 ], [ 876703.435541579499841, 1372405.624329829588532 ], [ 876701.352741579525173, 1372404.237529831007123 ], [ 876701.159541579894722, 1372404.133529830724001 ], [ 876699.233341579325497, 1372403.420929830521345 ], [ 876691.754741579294205, 1372402.205129830166698 ], [ 876686.92154157999903, 1372400.99832982942462 ], [ 876683.116341579705477, 1372398.398329829797149 ], [ 876682.739541579969227, 1372398.269129829481244 ], [ 876677.56274157948792, 1372395.95692983083427 ], [ 876672.556941580027342, 1372392.924529829993844 ], [ 876660.759541579522192, 1372385.330529829487205 ], [ 876648.137541580013931, 1372377.781529830768704 ], [ 876645.252541579306126, 1372376.217529829591513 ], [ 876642.341941579245031, 1372374.873129829764366 ], [ 876639.4059415794909, 1372373.74832982942462 ], [ 876636.444541580043733, 1372372.843129830434918 ], [ 876624.079541579820216, 1372369.73312982916832 ], [ 876610.571941579692066, 1372366.218529829755425 ], [ 876595.486541579477489, 1372362.193529829382896 ], [ 876579.895941579714417, 1372357.835529830306768 ], [ 876573.02194157987833, 1372355.940329829230905 ], [ 876567.591541579924524, 1372354.911529829725623 ], [ 876565.168141579255462, 1372354.740329829975963 ], [ 876562.606341579928994, 1372354.82212983071804 ], [ 876559.906141580082476, 1372355.156729830428958 ], [ 876557.067541579715908, 1372355.744529830291867 ], [ 876551.452341579832137, 1372356.938129829242826 ], [ 876546.237941579893231, 1372357.661529829725623 ], [ 876540.920141579583287, 1372358.064929829910398 ], [ 876534.994541579857469, 1372358.298129830509424 ], [ 876528.966741579584777, 1372358.573929829522967 ], [ 876523.341941579245031, 1372359.105529829859734 ], [ 876510.890941579826176, 1372360.429129829630256 ], [ 876504.654341579414904, 1372360.926129831001163 ], [ 876499.99994157999754, 1372361.08952983096242 ], [ 876489.582541579380631, 1372361.181329829618335 ], [ 876482.063941579312086, 1372361.477529829367995 ], [ 876469.807541579939425, 1372362.480529829859734 ], [ 876457.522941580042243, 1372364.034129830077291 ], [ 876451.732741579413414, 1372365.102929830551147 ], [ 876446.555941579863429, 1372366.411529829725623 ], [ 876442.370741579681635, 1372367.510929830372334 ], [ 876439.937541579827666, 1372368.150129830464721 ], [ 876434.052541580051184, 1372369.696129830554128 ], [ 876426.745541580021381, 1372371.692729830741882 ], [ 876420.091541579924524, 1372373.971129830926657 ], [ 876407.059541579335928, 1372378.751129830256104 ], [ 876392.903541579842567, 1372383.842529829591513 ], [ 876385.352941580116749, 1372386.3871298301965 ], [ 876377.604541579261422, 1372388.560129830613732 ], [ 876362.095541579648852, 1372392.489129830151796 ], [ 876350.331941579468548, 1372395.648529829457402 ], [ 876347.388541579246521, 1372396.429329829290509 ], [ 876342.99194157961756, 1372397.595529830083251 ], [ 876340.181541579775512, 1372398.581529829651117 ], [ 876339.096941580064595, 1372399.266729829832911 ], [ 876338.225941579788923, 1372400.080129830166698 ], [ 876336.272941580042243, 1372402.062929829582572 ], [ 876333.46954157948494, 1372404.501529829576612 ], [ 876330.065741579979658, 1372407.016729829832911 ], [ 876326.311541579663754, 1372409.229529829695821 ], [ 876324.060541579499841, 1372410.19932983070612 ], [ 876321.237341579981148, 1372411.047529829666018 ], [ 876317.841941579245031, 1372411.773729830980301 ], [ 876313.873941579833627, 1372412.37812983058393 ], [ 876304.72674157936126, 1372418.880529830232263 ], [ 876298.462941579520702, 1372423.122129829600453 ], [ 876293.948341580107808, 1372426.295529829338193 ], [ 876290.047941579483449, 1372429.593529829755425 ], [ 876286.725141579285264, 1372432.898729830980301 ], [ 876283.942541579715908, 1372436.093129830434918 ], [ 876281.099141580052674, 1372439.225329829379916 ], [ 876277.593941579572856, 1372442.344129830598831 ], [ 876273.751141579821706, 1372445.158129829913378 ], [ 876269.894541579298675, 1372447.376529829576612 ], [ 876265.638741579838097, 1372449.334329830482602 ], [ 876260.598541579209268, 1372451.366529829800129 ], [ 876255.627541579306126, 1372452.989729830995202 ], [ 876251.579541579820216, 1372453.720129830762744 ], [ 876249.782541579566896, 1372453.720129830762744 ], [ 876247.977941580116749, 1372453.436129830777645 ], [ 876246.165941579267383, 1372452.868329830467701 ], [ 876244.346541579812765, 1372452.016529830172658 ], [ 876240.46814158000052, 1372450.125129830092192 ], [ 876236.12594157923013, 1372448.426129831001163 ], [ 876228.162541579455137, 1372445.42652983032167 ], [ 876221.480541579425335, 1372442.320129830390215 ], [ 876215.089541579596698, 1372438.578529831022024 ], [ 876213.681141579523683, 1372437.485329831019044 ], [ 876212.554141579195857, 1372436.236929830163717 ], [ 876211.708741579204798, 1372434.833529829978943 ], [ 876211.144941579550505, 1372433.275129830464721 ], [ 876209.925341580063105, 1372430.145529830828309 ], [ 876207.957941579632461, 1372427.301129831001163 ], [ 876206.690741579979658, 1372426.140129830688238 ], [ 876205.229941579513252, 1372425.359729830175638 ], [ 876203.575541580095887, 1372424.959529830142856 ], [ 876201.727541579864919, 1372424.93952983058989 ], [ 876198.202341579832137, 1372425.588129829615355 ], [ 876196.713141580112278, 1372426.143529830500484 ], [ 876195.4059415794909, 1372426.853129830211401 ], [ 876193.996741579845548, 1372427.470129830762744 ], [ 876192.200941579416394, 1372427.74832982942462 ], [ 876190.018741579726338, 1372427.687529830262065 ], [ 876187.449941579252481, 1372427.288129830732942 ], [ 876182.127541579306126, 1372426.00452983006835 ], [ 876177.207941579632461, 1372424.430129829794168 ], [ 876172.706941579468548, 1372422.475529830902815 ], [ 876168.639941579662263, 1372420.05152983032167 ], [ 876164.666141579858959, 1372417.669129829853773 ], [ 876160.444541580043733, 1372415.838529830798507 ], [ 876155.630541579797864, 1372414.472129829227924 ], [ 876149.879541579633951, 1372413.481529830023646 ], [ 876146.857341580092907, 1372412.967129830271006 ], [ 876144.010541579686105, 1372412.226529829204082 ], [ 876141.338941579684615, 1372411.259729830548167 ], [ 876138.842541580088437, 1372410.066529830917716 ], [ 876134.939541579224169, 1372407.847529830411077 ], [ 876132.865541579201818, 1372406.415529830381274 ], [ 876131.382941579446197, 1372405.581729829311371 ], [ 876129.253941579721868, 1372405.157129829749465 ], [ 876124.130541579797864, 1372404.697529830038548 ], [ 876121.147341579198837, 1372404.266529830172658 ], [ 876117.540941579267383, 1372403.452129829674959 ], [ 876112.614541579969227, 1372402.247529830783606 ], [ 876109.28054157923907, 1372401.59012982994318 ], [ 876102.08554157987237, 1372400.124529829248786 ], [ 876089.020541579462588, 1372397.618129830807447 ], [ 876081.814541579224169, 1372396.401929829269648 ], [ 876076.587541579268873, 1372395.753529829904437 ], [ 876067.561941579915583, 1372394.744529830291867 ], [ 876056.852541579864919, 1372392.91952982917428 ], [ 876045.86654157936573, 1372390.504129830747843 ], [ 876034.649541580118239, 1372387.879129830747843 ], [ 876028.843941579572856, 1372386.391529830172658 ], [ 876023.73254157975316, 1372384.709129830822349 ], [ 876018.784341579303145, 1372383.06452983058989 ], [ 876013.468941579572856, 1372381.690529830753803 ], [ 876008.004741579294205, 1372380.124729830771685 ], [ 876002.609941579401493, 1372377.904129829257727 ], [ 875992.369941580109298, 1372372.716129830107093 ], [ 875987.825541580095887, 1372370.565529830753803 ], [ 875983.951941579580307, 1372369.394129829481244 ], [ 875979.994341579265893, 1372369.03552982956171 ], [ 875975.197541579604149, 1372369.32352983020246 ], [ 875964.384541579522192, 1372370.565129829570651 ], [ 875959.199941579252481, 1372371.373129829764366 ], [ 875954.839541579596698, 1372372.537529829889536 ], [ 875950.902741579338908, 1372374.193929830566049 ], [ 875946.989541579969227, 1372376.478129830211401 ], [ 875944.99994157999754, 1372377.657729830592871 ], [ 875942.932341579347849, 1372378.598529830574989 ], [ 875940.787141579203308, 1372379.30072982981801 ], [ 875938.563941579312086, 1372379.764129830524325 ], [ 875933.723341579549015, 1372380.200129829347134 ], [ 875928.24954157974571, 1372380.132129829376936 ], [ 875923.010341580025852, 1372379.704329829663038 ], [ 875918.873541579581797, 1372379.061129830777645 ], [ 875912.95294157974422, 1372377.624529829248786 ], [ 875910.088741580024362, 1372376.58192983083427 ], [ 875906.165541579946876, 1372374.825129829347134 ], [ 875897.161941579543054, 1372370.505529830232263 ], [ 875885.669941579923034, 1372364.449129829183221 ], [ 875879.81994157936424, 1372361.07972983084619 ], [ 875876.151941579766572, 1372358.674129830673337 ], [ 875873.575141579844058, 1372356.750129830092192 ], [ 875872.831541579216719, 1372356.194529829546809 ], [ 875869.562541579827666, 1372354.274529829621315 ], [ 875866.476941579952836, 1372352.785729829221964 ], [ 875862.271541579626501, 1372351.048529829829931 ], [ 875857.820141579955816, 1372349.465529829263687 ], [ 875853.996941579505801, 1372348.43952983058989 ], [ 875850.166541580110788, 1372347.844529829919338 ], [ 875845.692941579967737, 1372347.554129829630256 ], [ 875836.643941579386592, 1372346.963529830798507 ], [ 875830.472541579976678, 1372346.670529829338193 ], [ 875820.465941580012441, 1372346.696129830554128 ], [ 875815.021141579374671, 1372346.588129829615355 ], [ 875810.610541579313576, 1372346.079529829323292 ], [ 875807.234141579829156, 1372345.170129830017686 ], [ 875805.933741579763591, 1372344.565129829570651 ], [ 875804.891941579990089, 1372343.860129829496145 ], [ 875797.611941579729319, 1372338.279529830440879 ], [ 875790.373941579833627, 1372333.146529830992222 ], [ 875783.376541580073535, 1372328.367129830643535 ], [ 875779.809741579927504, 1372326.240329829975963 ], [ 875775.887941579334438, 1372324.272129829972982 ], [ 875767.09994157962501, 1372319.941129829734564 ], [ 875762.731941579841077, 1372317.532329829409719 ], [ 875759.005941580049694, 1372315.190129829570651 ], [ 875755.659941579215229, 1372312.791529830545187 ], [ 875752.431541579775512, 1372310.214129829779267 ], [ 875746.91354157961905, 1372305.310129830613732 ], [ 875741.821941579692066, 1372300.721129830926657 ], [ 875736.590541579760611, 1372296.284529829397798 ], [ 875731.556941580027342, 1372291.775529829785228 ], [ 875729.557741579599679, 1372289.510529829189181 ], [ 875728.967541580088437, 1372288.497329829260707 ], [ 875728.649941579438746, 1372287.564129829406738 ], [ 875727.794541579671204, 1372286.227529829367995 ], [ 875725.590141579508781, 1372284.00452983006835 ], [ 875717.134541579522192, 1372276.900129830464721 ], [ 875708.366741579957306, 1372269.764129830524325 ], [ 875704.370541580021381, 1372266.110129829496145 ], [ 875700.640941579826176, 1372261.273529829457402 ], [ 875696.175941579975188, 1372255.463129829615355 ], [ 875694.019541579298675, 1372252.515329830348492 ], [ 875692.24194157961756, 1372249.446129830554128 ], [ 875690.682741579599679, 1372246.127729829400778 ], [ 875689.180941579863429, 1372242.433129830285907 ], [ 875687.577741580083966, 1372238.718529829755425 ], [ 875685.713941579684615, 1372235.340529829263687 ], [ 875683.443941579200327, 1372232.268729830160737 ], [ 875680.621941579505801, 1372229.472129829227924 ], [ 875677.453341579996049, 1372226.966129830107093 ], [ 875674.143541580066085, 1372224.766529830172658 ], [ 875670.728941579349339, 1372222.237329829484224 ], [ 875667.246541579253972, 1372218.742529829964042 ], [ 875665.903341579250991, 1372216.930929830297828 ], [ 875665.3907415792346, 1372215.473729830235243 ], [ 875665.445541579276323, 1372214.877929830923676 ], [ 875665.708141579292715, 1372214.370729830116034 ], [ 875666.855941579677165, 1372213.622129829600453 ], [ 875668.442741579376161, 1372213.190729830414057 ], [ 875670.076541579328477, 1372213.039929829537868 ], [ 875671.757741579785943, 1372213.16952982917428 ], [ 875673.485941579565406, 1372213.579529829323292 ], [ 875680.044541579671204, 1372216.001129830256104 ], [ 875681.47534157987684, 1372216.52592983096838 ], [ 875682.713141580112278, 1372216.779329830780625 ], [ 875683.758141580037773, 1372216.761329829692841 ], [ 875684.609941579401493, 1372216.472129829227924 ], [ 875685.256341579370201, 1372215.9175298307091 ], [ 875685.684341579675674, 1372215.10392983071506 ], [ 875685.894141579978168, 1372214.031329829245806 ], [ 875685.885541579686105, 1372212.699529830366373 ], [ 875685.464941579848528, 1372209.61912983097136 ], [ 875684.674541579559445, 1372206.223129829391837 ], [ 875683.750141579657793, 1372202.288729829713702 ], [ 875682.927941579371691, 1372197.593529829755425 ], [ 875681.727541579864919, 1372187.944129830226302 ], [ 875680.876941579394042, 1372177.086529830470681 ], [ 875679.701541579328477, 1372163.133529830724001 ], [ 875678.227541579864919, 1372148.748129829764366 ], [ 875676.96194157935679, 1372134.499129829928279 ], [ 875676.569741579703987, 1372126.848729830235243 ], [ 875676.484941579401493, 1372118.964129829779267 ], [ 875676.288341579958797, 1372110.507729830220342 ], [ 875675.560541579499841, 1372101.142529830336571 ], [ 875673.348541579209268, 1372081.391129830852151 ], [ 875670.740941579453647, 1372060.854529829695821 ], [ 875669.873541579581797, 1372053.4665298294276 ], [ 875668.881541579961777, 1372049.378729829564691 ], [ 875665.676541579887271, 1372032.915329830721021 ], [ 875660.616341579705477, 1372014.596929829567671 ], [ 875655.556141579523683, 1371996.27872982993722 ], [ 875650.496141579933465, 1371977.960329830646515 ], [ 875642.586141579784453, 1371956.792129829525948 ], [ 875629.833941579796374, 1371930.781729830428958 ], [ 875617.081941579468548, 1371904.771329829469323 ], [ 875575.400141580030322, 1371863.08952983096242 ], [ 875554.240741579793394, 1371841.930129829794168 ], [ 875513.496741579845548, 1371814.444329829886556 ], [ 875494.727341579273343, 1371808.93332982994616 ], [ 875477.174741579219699, 1371804.638929830864072 ], [ 875461.75854157935828, 1371802.481129830703139 ], [ 875446.342341579496861, 1371800.323129830881953 ], [ 875432.350941579788923, 1371799.589929830282927 ], [ 875418.526141579262912, 1371799.023329829797149 ], [ 875406.518541580066085, 1371800.273929830640554 ], [ 875394.510941579937935, 1371801.524529829621315 ], [ 875392.595341579988599, 1371801.826129829511046 ], [ 875390.797141579911113, 1371802.109329830855131 ], [ 875384.863141579553485, 1371803.043529830873013 ] ] ] ] } },
{ "type": "Feature", "properties": { "NOM_BARRIO": "VILLA ARABIA", "BARRIO": "004", "PK_BARRIO": "1541001004", "MUNICIPIO": "154", "SECTOR": "1", "CORREGIMIE": "001", "SHAPE_Leng": 1869.31840805, "SHAPE_Area": 111131.979735 }, "geometry": { "type": "MultiPolygon", "coordinates": [ [ [ [ 876782.000341579318047, 1373803.871529830619693 ], [ 876875.274541580118239, 1373796.077129829674959 ], [ 876873.629941579885781, 1373768.39472983032465 ], [ 876909.751541580073535, 1373764.840729830786586 ], [ 876936.789741579443216, 1373762.180329829454422 ], [ 876936.416541580110788, 1373756.527729829773307 ], [ 876935.764141580089927, 1373746.641729829832911 ], [ 876935.599141580052674, 1373743.496729830279946 ], [ 876935.489741579629481, 1373741.415129829198122 ], [ 876935.253741580061615, 1373736.916529830545187 ], [ 876934.749341580085456, 1373728.030729830265045 ], [ 876934.710741579532623, 1373727.31732982955873 ], [ 876934.645341579802334, 1373726.109529830515385 ], [ 876934.214941579848528, 1373718.157929830253124 ], [ 876933.683541580103338, 1373708.339929830282927 ], [ 876934.993141579441726, 1373708.227129830047488 ], [ 876934.206341579556465, 1373698.845929829403758 ], [ 876933.866141580045223, 1373688.937729829922318 ], [ 876933.52374157961458, 1373678.958729829639196 ], [ 876933.617941579781473, 1373678.955329829826951 ], [ 876933.457141580060124, 1373675.901929829269648 ], [ 876933.332541579380631, 1373673.533129829913378 ], [ 876933.147941580042243, 1373670.030929829925299 ], [ 876932.61654157936573, 1373659.943329829722643 ], [ 876932.066741579212248, 1373650.01352982968092 ], [ 876931.132341579534113, 1373640.923929831013083 ], [ 876932.574941579252481, 1373630.629729829728603 ], [ 876932.179941579699516, 1373625.904529830440879 ], [ 876931.465941580012441, 1373625.972329830750823 ], [ 876931.212941579520702, 1373621.833729829639196 ], [ 876930.159741579554975, 1373621.922329830005765 ], [ 876929.909141579642892, 1373618.530329830944538 ], [ 876929.138141579926014, 1373618.587929829955101 ], [ 876928.659341579303145, 1373611.930129829794168 ], [ 876927.925141579471529, 1373601.721929829567671 ], [ 876927.031541579402983, 1373591.840929830446839 ], [ 876926.194341579452157, 1373583.245129829272628 ], [ 876925.636741579510272, 1373573.584129830822349 ], [ 876925.367541579529643, 1373569.277729829773307 ], [ 876925.214341579936445, 1373564.783729830756783 ], [ 876925.942341580055654, 1373564.75592982955277 ], [ 876925.52334157936275, 1373558.683929830789566 ], [ 876925.191141579300165, 1373553.870329830795527 ], [ 876924.855141580104828, 1373553.886529829353094 ], [ 876924.361141579225659, 1373545.118929829448462 ], [ 876923.957741579972208, 1373537.959929829463363 ], [ 876923.013541579246521, 1373537.997329829260707 ], [ 876922.901341579854488, 1373536.496329830959439 ], [ 876922.713741580024362, 1373533.984329830855131 ], [ 876922.126141579821706, 1373526.116529829800129 ], [ 876921.971941580064595, 1373526.123929830268025 ], [ 876921.472541579976678, 1373518.736729830503464 ], [ 876921.398941579274833, 1373517.650129830464721 ], [ 876916.512541580013931, 1373517.923129830509424 ], [ 876916.257941579446197, 1373514.526129830628633 ], [ 876915.555741579271853, 1373505.164329830557108 ], [ 876915.12414157949388, 1373499.409129830077291 ], [ 876919.17254157923162, 1373471.924929829314351 ], [ 876918.808941579423845, 1373468.41892983019352 ], [ 876918.32934157922864, 1373463.793329829350114 ], [ 876918.108141579665244, 1373461.660129830241203 ], [ 876917.468541579321027, 1373455.489529829472303 ], [ 876916.93734157923609, 1373450.366329830139875 ], [ 876916.534141579642892, 1373446.476729830726981 ], [ 876915.622341579757631, 1373436.5273298304528 ], [ 876917.746541579253972, 1373426.368329830467701 ], [ 876916.498341579921544, 1373416.44932983070612 ], [ 876913.763941579498351, 1373416.742929829284549 ], [ 876913.528541579842567, 1373414.67512983083725 ], [ 876912.631541579961777, 1373406.797329830005765 ], [ 876910.502141579985619, 1373396.382529830560088 ], [ 876909.082741579972208, 1373387.564329830929637 ], [ 876908.918141579255462, 1373386.540929829701781 ], [ 876908.022941580042243, 1373376.622929830104113 ], [ 876907.935141579248011, 1373372.498129829764366 ], [ 876834.472141579724848, 1373379.582129830494523 ], [ 876828.06854157987982, 1373380.355729829519987 ], [ 876809.575941579416394, 1373380.196329830214381 ], [ 876794.542741579934955, 1373384.405529830604792 ], [ 876775.641941579990089, 1373386.688729830086231 ], [ 876753.440141580067575, 1373386.932529829442501 ], [ 876742.961541580036283, 1373387.930529830977321 ], [ 876726.270741580054164, 1373392.652729829773307 ], [ 876731.893341579474509, 1373446.280729830265045 ], [ 876711.743141579441726, 1373459.007729830220342 ], [ 876704.255541579797864, 1373456.111329829320312 ], [ 876696.069741579703987, 1373380.517529830336571 ], [ 876694.771541579626501, 1373380.668329829350114 ], [ 876690.181141579523683, 1373381.201729830354452 ], [ 876690.166941579431295, 1373381.343329830095172 ], [ 876685.208741579204798, 1373381.897729830816388 ], [ 876680.331141579896212, 1373382.443129830062389 ], [ 876671.343741579912603, 1373383.447929829359055 ], [ 876668.484541580080986, 1373383.775329830124974 ], [ 876662.369741579517722, 1373384.475729830563068 ], [ 876653.41314157936722, 1373385.50312983058393 ], [ 876644.473341579549015, 1373386.548929831013083 ], [ 876640.062541579827666, 1373387.03632983006537 ], [ 876638.256341579370201, 1373387.235929829999804 ], [ 876637.636341579258442, 1373387.304529830813408 ], [ 876631.272541579790413, 1373388.043729830533266 ], [ 876626.686541579663754, 1373388.589329829439521 ], [ 876617.827341579832137, 1373389.646929830312729 ], [ 876611.343541579321027, 1373390.437729829922318 ], [ 876608.855141580104828, 1373390.741329830139875 ], [ 876599.994541579857469, 1373391.815329829230905 ], [ 876587.899341579526663, 1373393.254929829388857 ], [ 876590.014141580089927, 1373403.486129829660058 ], [ 876591.9211415797472, 1373412.711529830470681 ], [ 876592.160941579379141, 1373413.793329829350114 ], [ 876594.082141580060124, 1373422.459329830482602 ], [ 876596.230741580016911, 1373432.219529829919338 ], [ 876598.661941579543054, 1373442.972129829227924 ], [ 876601.081941579468548, 1373452.907529830932617 ], [ 876603.415341579355299, 1373462.487729830667377 ], [ 876605.803141579963267, 1373472.290929829701781 ], [ 876608.154741579666734, 1373481.945329830050468 ], [ 876608.645741580054164, 1373483.960929829627275 ], [ 876608.712541579268873, 1373484.235329831019044 ], [ 876610.561941579915583, 1373491.828729830682278 ], [ 876612.989541579969227, 1373501.795729830861092 ], [ 876614.92074157949537, 1373509.724529830738902 ], [ 876615.402341580018401, 1373511.701129829511046 ], [ 876617.777941579930484, 1373521.45472983084619 ], [ 876620.137141579762101, 1373531.141129830852151 ], [ 876625.127541579306126, 1373550.47132983058691 ], [ 876627.214941579848528, 1373560.19992982968688 ], [ 876629.024141579866409, 1373570.23932982981205 ], [ 876639.050341580063105, 1373625.879329830408096 ], [ 876642.220741579309106, 1373643.47272983007133 ], [ 876643.604941579513252, 1373649.582929830998182 ], [ 876621.89834157936275, 1373662.72892983071506 ], [ 876602.423541579395533, 1373672.321129830554128 ], [ 876614.378741580061615, 1373677.774529829621315 ], [ 876616.626941579394042, 1373678.799929829314351 ], [ 876618.877941579557955, 1373679.040329830721021 ], [ 876625.452141579240561, 1373678.570729829370975 ], [ 876627.800141579471529, 1373677.443729830905795 ], [ 876644.705141579732299, 1373667.488529829308391 ], [ 876657.346341579221189, 1373659.327929830178618 ], [ 876657.28894157987088, 1373664.627729829400778 ], [ 876657.634941579774022, 1373711.513329830020666 ], [ 876657.76614157948643, 1373729.285329829901457 ], [ 876661.658941579982638, 1373729.275529829785228 ], [ 876700.536141579970717, 1373729.176129831001163 ], [ 876705.336741579696536, 1373642.308529829606414 ], [ 876737.202341579832137, 1373636.216929830610752 ], [ 876738.058741579763591, 1373646.114929830655456 ], [ 876738.893941579386592, 1373655.76832983084023 ], [ 876739.74914157949388, 1373665.653329830616713 ], [ 876738.489341579377651, 1373665.791329830884933 ], [ 876728.750541579909623, 1373666.857729829847813 ], [ 876729.654741579666734, 1373676.358529830351472 ], [ 876730.614141579717398, 1373686.439129829406738 ], [ 876731.932141579687595, 1373695.339729830622673 ], [ 876732.685541579499841, 1373704.739129830151796 ], [ 876733.429341579787433, 1373714.021329829469323 ], [ 876734.700541580095887, 1373723.89532982930541 ], [ 876735.202741580083966, 1373733.151729829609394 ], [ 876735.719741580076516, 1373742.684529829770327 ], [ 876735.563941579312086, 1373753.807329829782248 ], [ 876736.592141579836607, 1373763.000529829412699 ], [ 876736.723341579549015, 1373764.174129830673337 ], [ 876737.573341580107808, 1373771.774329829961061 ], [ 876737.346141579560935, 1373777.727529829367995 ], [ 876737.214541579596698, 1373781.170329829677939 ], [ 876738.11654157936573, 1373790.852129830047488 ], [ 876739.000541579909623, 1373800.341329829767346 ], [ 876742.975941579788923, 1373800.016729829832911 ], [ 876749.140541579574347, 1373799.513329830020666 ], [ 876754.391341580078006, 1373799.084729829803109 ], [ 876759.195741579867899, 1373798.69232982955873 ], [ 876769.256941579282284, 1373797.870929829776287 ], [ 876774.010941579937935, 1373797.482729829847813 ], [ 876776.276541579514742, 1373797.297729829326272 ], [ 876782.000341579318047, 1373803.871529830619693 ] ] ] ] } },
{ "type": "Feature", "properties": { "NOM_BARRIO": "PARCELAS DE CARACOLI", "BARRIO": "002", "PK_BARRIO": "1541001002", "MUNICIPIO": "154", "SECTOR": "1", "CORREGIMIE": "001", "SHAPE_Leng": 2800.20480851, "SHAPE_Area": 351664.24089900003 }, "geometry": { "type": "MultiPolygon", "coordinates": [ [ [ [ 877083.160741579718888, 1373739.922729829326272 ], [ 877091.37494157999754, 1373686.327729830518365 ], [ 877093.279941579326987, 1373672.874129829928279 ], [ 877094.70434157922864, 1373669.313129829242826 ], [ 877096.772341579198837, 1373665.903329830616713 ], [ 877099.545541579835117, 1373664.592529829591513 ], [ 877157.247941579669714, 1373665.729129830375314 ], [ 877217.292541579343379, 1373666.19172983057797 ], [ 877253.892541579902172, 1373665.336729830130935 ], [ 877262.509541579522192, 1373665.200129829347134 ], [ 877399.871341579593718, 1373673.811329830437899 ], [ 877399.99774158000946, 1373672.690129829570651 ], [ 877400.35794158000499, 1373669.493929829448462 ], [ 877401.303941579535604, 1373656.268129829317331 ], [ 877402.520941579714417, 1373638.482529830187559 ], [ 877403.632541579194367, 1373634.251129830256104 ], [ 877404.776941579766572, 1373630.155129829421639 ], [ 877405.307941579259932, 1373623.480529829859734 ], [ 877406.001541580073535, 1373615.000529829412699 ], [ 877406.515941579826176, 1373609.617129830643535 ], [ 877406.547941579483449, 1373607.16812982968986 ], [ 877406.359541580080986, 1373604.631129829213023 ], [ 877405.52194157987833, 1373599.582129830494523 ], [ 877404.884941579774022, 1373596.057129830121994 ], [ 877404.601941579952836, 1373593.254129830747843 ], [ 877404.60794158000499, 1373589.153329830616713 ], [ 877404.995941579341888, 1373580.343129830434918 ], [ 877405.548541579395533, 1373567.740529829636216 ], [ 877405.330741579644382, 1373565.824129829183221 ], [ 877404.730541579425335, 1373562.950129829347134 ], [ 877403.565541579388082, 1373556.916129829362035 ], [ 877403.304141579195857, 1373553.665329830721021 ], [ 877403.266941579990089, 1373549.275129830464721 ], [ 877403.236541579477489, 1373542.721129830926657 ], [ 877402.347941579297185, 1373537.241529829800129 ], [ 877401.378541579470038, 1373531.672129830345511 ], [ 877400.9059415794909, 1373529.009129829704762 ], [ 877399.214941579848528, 1373525.685529829934239 ], [ 877397.822341579943895, 1373522.942129829898477 ], [ 877396.454541579820216, 1373519.400529829785228 ], [ 877395.478741579689085, 1373515.830529829487205 ], [ 877395.262541580013931, 1373513.001529829576612 ], [ 877395.260541579686105, 1373510.474529830738902 ], [ 877394.927541580051184, 1373507.810129830613732 ], [ 877393.151941579766572, 1373500.000129830092192 ], [ 877393.059741579927504, 1373499.766529830172658 ], [ 877390.288741579279304, 1373492.75312983058393 ], [ 877388.536941579543054, 1373487.216129830107093 ], [ 877386.339541579596698, 1373479.747129829600453 ], [ 877384.496941579505801, 1373473.731529830023646 ], [ 877383.741741579957306, 1373470.325129829347134 ], [ 877383.157541579566896, 1373466.562529830262065 ], [ 877383.013741579838097, 1373465.718729829415679 ], [ 877381.716941579245031, 1373458.110129829496145 ], [ 877380.949141579680145, 1373454.518529830500484 ], [ 877379.898541579954326, 1373449.603529829531908 ], [ 877379.254341579973698, 1373445.991929830983281 ], [ 877379.234941579401493, 1373445.882929829880595 ], [ 877378.996941579505801, 1373442.710129830986261 ], [ 877379.267941579222679, 1373440.324729830026627 ], [ 877379.625341579318047, 1373439.517129831016064 ], [ 877380.130541579797864, 1373438.9665298294276 ], [ 877381.338141580112278, 1373438.46452983096242 ], [ 877382.643941579386592, 1373438.647529829293489 ], [ 877384.950541580095887, 1373439.804129829630256 ], [ 877385.379741579294205, 1373439.942729830741882 ], [ 877385.715741579420865, 1373439.727729830890894 ], [ 877386.10794158000499, 1373438.23652983084321 ], [ 877386.072541579604149, 1373436.901529829949141 ], [ 877385.759941579774022, 1373435.095329830422997 ], [ 877384.303541579283774, 1373430.068529829382896 ], [ 877382.479341579601169, 1373424.995129829272628 ], [ 877381.027941579930484, 1373421.714129829779267 ], [ 877379.864341579377651, 1373419.251929830759764 ], [ 877379.65454158000648, 1373418.310529829934239 ], [ 877378.493141579441726, 1373413.100529830902815 ], [ 877377.494941580109298, 1373410.09912982955575 ], [ 877376.901141579262912, 1373406.539529830217361 ], [ 877376.395541579462588, 1373402.012529829517007 ], [ 877375.803941579535604, 1373397.4175298307091 ], [ 877374.951941579580307, 1373393.653529830276966 ], [ 877373.825541580095887, 1373389.623529830947518 ], [ 877373.064941579475999, 1373386.028529830276966 ], [ 877372.81994157936424, 1373383.09912982955575 ], [ 877373.316541579551995, 1373380.137529829517007 ], [ 877373.636141579598188, 1373378.685129830613732 ], [ 877373.727741579525173, 1373377.305729830637574 ], [ 877373.591141579672694, 1373375.998929830268025 ], [ 877373.268741579726338, 1373374.907529830932617 ], [ 877373.226541579701006, 1373374.765129830688238 ], [ 877372.137141579762101, 1373372.381129829213023 ], [ 877370.851341580040753, 1373370.136729830875993 ], [ 877370.783941579982638, 1373370.019129829481244 ], [ 877368.035941579379141, 1373365.215529829263687 ], [ 877366.78894157987088, 1373362.481929829344153 ], [ 877365.385541579686105, 1373359.406129829585552 ], [ 877362.954541579820216, 1373352.974529830738902 ], [ 877362.195141579955816, 1373350.66892983019352 ], [ 877361.998341579921544, 1373350.071529829874635 ], [ 877360.155341579578817, 1373332.219729829579592 ], [ 877359.50854157935828, 1373328.32352983020246 ], [ 877358.475541579537094, 1373323.895129829645157 ], [ 877357.13354157935828, 1373319.068529829382896 ], [ 877353.912941579706967, 1373307.017129831016064 ], [ 877350.833541579544544, 1373295.69852983020246 ], [ 877348.176541579887271, 1373287.209129830822349 ], [ 877346.709141579456627, 1373283.106529830023646 ], [ 877344.909941579215229, 1373279.193129830062389 ], [ 877343.54654157999903, 1373276.557929830625653 ], [ 877341.022941580042243, 1373271.681129829958081 ], [ 877338.748541579581797, 1373267.87052983045578 ], [ 877335.768941579386592, 1373263.825129829347134 ], [ 877334.226341580040753, 1373261.743529830127954 ], [ 877332.93014157935977, 1373259.662129830569029 ], [ 877331.880541579797864, 1373257.580929830670357 ], [ 877331.07754157949239, 1373255.499529829248786 ], [ 877327.731541579589248, 1373246.326129829511046 ], [ 877325.823941580019891, 1373240.766129830852151 ], [ 877324.074541579931974, 1373234.108529830351472 ], [ 877322.283341580070555, 1373227.117729829624295 ], [ 877320.250541579909623, 1373220.558129830285907 ], [ 877318.036141579970717, 1373214.621729830279946 ], [ 877315.699941579252481, 1373209.500529829412699 ], [ 877313.356741579249501, 1373204.476729830726981 ], [ 877313.143341579474509, 1373203.938129829242826 ], [ 877311.120541580021381, 1373198.83252982981503 ], [ 877307.184541579335928, 1373187.614529829472303 ], [ 877303.343541579321027, 1373175.458129830658436 ], [ 877298.261541579850018, 1373159.757129829376936 ], [ 877294.909741579554975, 1373150.485529830679297 ], [ 877290.843541579321027, 1373140.286529829725623 ], [ 877287.064541579224169, 1373131.189329830929637 ], [ 877283.056941580027342, 1373121.542129829525948 ], [ 877280.45434157922864, 1373115.654329830780625 ], [ 877276.199541579931974, 1373106.029529830440879 ], [ 877274.043941579759121, 1373101.182929830625653 ], [ 877272.795941580086946, 1373098.377129830420017 ], [ 877269.573941580019891, 1373090.280529830604792 ], [ 877262.680941579863429, 1373071.437129830941558 ], [ 877255.636541579850018, 1373051.256529830396175 ], [ 877252.223341579549015, 1373041.959529830142856 ], [ 877250.536541579291224, 1373038.02112982980907 ], [ 877248.548541579395533, 1373033.379129830747843 ], [ 877245.513941579498351, 1373026.225529830902815 ], [ 877244.574741579592228, 1373023.450129829347134 ], [ 877244.020941579714417, 1373021.209129830822349 ], [ 877242.916341579519212, 1373016.810729829594493 ], [ 877241.04654157999903, 1373011.511529829353094 ], [ 877234.208941579796374, 1372995.409129830077291 ], [ 877229.117141579277813, 1372984.210729829967022 ], [ 877223.011541579850018, 1372971.321529829874635 ], [ 877217.135741579346359, 1372959.518129829317331 ], [ 877212.73294158000499, 1372951.577129829674959 ], [ 877205.644941579550505, 1372939.606129830703139 ], [ 877198.666941579431295, 1372926.912529829889536 ], [ 877195.216941579245031, 1372920.81732982955873 ], [ 877191.978941579349339, 1372915.996529830619693 ], [ 877188.189741579815745, 1372911.473729830235243 ], [ 877183.085941579192877, 1372906.272529829293489 ], [ 877177.508141580037773, 1372900.679129829630256 ], [ 877176.887141579762101, 1372900.000129830092192 ], [ 877172.29654157999903, 1372894.980129830539227 ], [ 877163.470141579397023, 1372885.367929829284549 ], [ 877139.963541579432786, 1372859.992529829964042 ], [ 877132.092541580088437, 1372851.495729830116034 ], [ 877121.157741579227149, 1372839.17512983083725 ], [ 877108.540741579607129, 1372825.174329830333591 ], [ 877107.138741579838097, 1372820.694129830226302 ], [ 877106.858341579325497, 1372817.053929829970002 ], [ 877107.138741579838097, 1372812.01352982968092 ], [ 877106.113341579213738, 1372808.531929830089211 ], [ 877105.736941579729319, 1372807.253329830244184 ], [ 877100.810141579248011, 1372800.455529829487205 ], [ 877087.170941580086946, 1372780.423929831013083 ], [ 877077.142341579310596, 1372767.203329829499125 ], [ 877064.706741579808295, 1372753.58192983083427 ], [ 877057.084941579960287, 1372742.36432982981205 ], [ 877049.463141580112278, 1372732.749329829588532 ], [ 877043.445941579528153, 1372725.938529830425978 ], [ 877040.650741579942405, 1372723.597129829227924 ], [ 877042.251341579481959, 1372725.427529830485582 ], [ 877008.592941579408944, 1372741.221129830926657 ], [ 876961.02194157987833, 1372766.773129830136895 ], [ 876956.678541579283774, 1372794.732929829508066 ], [ 876954.518941579386592, 1372808.635129829868674 ], [ 876949.498941579833627, 1372839.020129829645157 ], [ 876939.376341579481959, 1372900.290129829198122 ], [ 876936.457341579720378, 1372917.958129830658436 ], [ 876934.768741579726338, 1372939.44092983007431 ], [ 876930.236941579729319, 1372997.093129830434918 ], [ 876929.729341579601169, 1373002.223729830235243 ], [ 876924.245541580021381, 1373057.649129830300808 ], [ 876921.589941579848528, 1373084.488129829987884 ], [ 876920.254941579885781, 1373112.346129830926657 ], [ 876918.153141579590738, 1373156.20692983083427 ], [ 876912.336341579444706, 1373156.797329830005765 ], [ 876914.995541580021381, 1373181.732129830867052 ], [ 876915.378741580061615, 1373185.326529830694199 ], [ 876916.439141579903662, 1373195.270129829645157 ], [ 876917.330341579392552, 1373206.553929829970002 ], [ 876918.219341579824686, 1373217.809529829770327 ], [ 876918.457341579720378, 1373226.395929830148816 ], [ 876918.5157415792346, 1373228.501929830759764 ], [ 876918.624341580085456, 1373232.427729830145836 ], [ 876918.662741580046713, 1373235.137329829856753 ], [ 876918.140541579574347, 1373235.141929829493165 ], [ 876918.228741579689085, 1373239.533329829573631 ], [ 876917.708141579292715, 1373239.540929829701781 ], [ 876917.775541579350829, 1373245.59772983007133 ], [ 876917.784741579554975, 1373246.43332982994616 ], [ 876917.939341579563916, 1373252.026729829609394 ], [ 876917.267741579562426, 1373252.035729829221964 ], [ 876917.11734157986939, 1373257.654929829761386 ], [ 876916.293541579507291, 1373261.126929830759764 ], [ 876916.575941579416394, 1373268.82352983020246 ], [ 876916.689541579224169, 1373271.924129830673337 ], [ 876916.158941579982638, 1373274.706729829311371 ], [ 876914.560741580091417, 1373283.086129829287529 ], [ 876913.963741580024362, 1373288.288129830732942 ], [ 876913.927341579459608, 1373292.081729829311371 ], [ 876913.815141580067575, 1373296.223329830914736 ], [ 876913.85034157987684, 1373300.19712983071804 ], [ 876913.83514157962054, 1373302.389129830524325 ], [ 876913.822541579604149, 1373304.21452983096242 ], [ 876913.782941579818726, 1373308.349329829216003 ], [ 876913.834141579456627, 1373311.209729829803109 ], [ 876913.864541579969227, 1373312.903329830616713 ], [ 876909.884741580113769, 1373317.868329830467701 ], [ 876910.843941579572856, 1373327.473929829895496 ], [ 876907.789941580034792, 1373327.784529829397798 ], [ 876908.549541579559445, 1373337.841329829767346 ], [ 876908.982141579501331, 1373347.93952983058989 ], [ 876908.519341579638422, 1373353.027129830792546 ], [ 876908.104941579513252, 1373357.580529829487205 ], [ 876905.488141579553485, 1373357.862129829823971 ], [ 876906.062141579575837, 1373360.253729829564691 ], [ 876907.831341579556465, 1373367.626729829236865 ], [ 876907.935141579248011, 1373372.498129829764366 ], [ 876908.022941580042243, 1373376.622929830104113 ], [ 876908.918141579255462, 1373386.540929829701781 ], [ 876909.082741579972208, 1373387.564329830929637 ], [ 876910.502141579985619, 1373396.382529830560088 ], [ 876912.631541579961777, 1373406.797329830005765 ], [ 876913.528541579842567, 1373414.67512983083725 ], [ 876913.763941579498351, 1373416.742929829284549 ], [ 876916.498341579921544, 1373416.44932983070612 ], [ 876917.746541579253972, 1373426.368329830467701 ], [ 876915.622341579757631, 1373436.5273298304528 ], [ 876916.534141579642892, 1373446.476729830726981 ], [ 876916.93734157923609, 1373450.366329830139875 ], [ 876917.468541579321027, 1373455.489529829472303 ], [ 876918.108141579665244, 1373461.660129830241203 ], [ 876918.32934157922864, 1373463.793329829350114 ], [ 876918.808941579423845, 1373468.41892983019352 ], [ 876919.17254157923162, 1373471.924929829314351 ], [ 876915.12414157949388, 1373499.409129830077291 ], [ 876915.555741579271853, 1373505.164329830557108 ], [ 876916.257941579446197, 1373514.526129830628633 ], [ 876916.512541580013931, 1373517.923129830509424 ], [ 876921.398941579274833, 1373517.650129830464721 ], [ 876921.472541579976678, 1373518.736729830503464 ], [ 876921.971941580064595, 1373526.123929830268025 ], [ 876922.126141579821706, 1373526.116529829800129 ], [ 876922.713741580024362, 1373533.984329830855131 ], [ 876922.901341579854488, 1373536.496329830959439 ], [ 876923.013541579246521, 1373537.997329829260707 ], [ 876923.957741579972208, 1373537.959929829463363 ], [ 876924.361141579225659, 1373545.118929829448462 ], [ 876924.855141580104828, 1373553.886529829353094 ], [ 876925.191141579300165, 1373553.870329830795527 ], [ 876925.52334157936275, 1373558.683929830789566 ], [ 876925.942341580055654, 1373564.75592982955277 ], [ 876925.214341579936445, 1373564.783729830756783 ], [ 876925.367541579529643, 1373569.277729829773307 ], [ 876925.636741579510272, 1373573.584129830822349 ], [ 876926.194341579452157, 1373583.245129829272628 ], [ 876927.031541579402983, 1373591.840929830446839 ], [ 876927.925141579471529, 1373601.721929829567671 ], [ 876928.659341579303145, 1373611.930129829794168 ], [ 876929.138141579926014, 1373618.587929829955101 ], [ 876929.909141579642892, 1373618.530329830944538 ], [ 876930.159741579554975, 1373621.922329830005765 ], [ 876931.212941579520702, 1373621.833729829639196 ], [ 876931.465941580012441, 1373625.972329830750823 ], [ 876932.179941579699516, 1373625.904529830440879 ], [ 876932.574941579252481, 1373630.629729829728603 ], [ 876931.132341579534113, 1373640.923929831013083 ], [ 876932.066741579212248, 1373650.01352982968092 ], [ 876932.61654157936573, 1373659.943329829722643 ], [ 876933.147941580042243, 1373670.030929829925299 ], [ 876933.332541579380631, 1373673.533129829913378 ], [ 876933.457141580060124, 1373675.901929829269648 ], [ 876933.617941579781473, 1373678.955329829826951 ], [ 876933.52374157961458, 1373678.958729829639196 ], [ 876933.866141580045223, 1373688.937729829922318 ], [ 876934.206341579556465, 1373698.845929829403758 ], [ 876934.993141579441726, 1373708.227129830047488 ], [ 876933.683541580103338, 1373708.339929830282927 ], [ 876934.214941579848528, 1373718.157929830253124 ], [ 876934.645341579802334, 1373726.109529830515385 ], [ 876934.710741579532623, 1373727.31732982955873 ], [ 876934.749341580085456, 1373728.030729830265045 ], [ 876935.253741580061615, 1373736.916529830545187 ], [ 876935.489741579629481, 1373741.415129829198122 ], [ 876935.599141580052674, 1373743.496729830279946 ], [ 876935.764141580089927, 1373746.641729829832911 ], [ 876936.416541580110788, 1373756.527729829773307 ], [ 876936.789741579443216, 1373762.180329829454422 ], [ 876936.889141580089927, 1373763.687329830601811 ], [ 876936.906941579654813, 1373763.955129830166698 ], [ 876937.052141579799354, 1373766.157529830932617 ], [ 876938.60794158000499, 1373766.084329830482602 ], [ 876938.726341580040753, 1373766.078729830682278 ], [ 876940.02954158000648, 1373766.181129829958081 ], [ 876954.376541580073535, 1373767.307929830625653 ], [ 876961.07754157949239, 1373767.834329830482602 ], [ 876966.965941580012441, 1373768.296729829162359 ], [ 876993.442141579464078, 1373770.375929830595851 ], [ 877007.365341579541564, 1373768.907929830253124 ], [ 877012.684941579587758, 1373765.978129830211401 ], [ 877008.944741579703987, 1373759.126929830759764 ], [ 877007.801541579887271, 1373750.334729829803109 ], [ 877006.603941579349339, 1373747.971529830247164 ], [ 877005.513741579838097, 1373745.820129830390215 ], [ 877001.432741579599679, 1373737.766529830172658 ], [ 877010.507741579785943, 1373732.725329829379916 ], [ 877013.143741579726338, 1373731.261129830032587 ], [ 877038.216341579332948, 1373779.681729830801487 ], [ 877071.25714157987386, 1373762.171129830181599 ], [ 877077.385941579937935, 1373752.330929830670357 ], [ 877083.160741579718888, 1373739.922729829326272 ] ] ] ] } },
{ "type": "Feature", "properties": { "NOM_BARRIO": "EL LAGO", "BARRIO": "005", "PK_BARRIO": "1541001005", "MUNICIPIO": "154", "SECTOR": "1", "CORREGIMIE": "001", "SHAPE_Leng": 12498.2588617, "SHAPE_Area": 3526746.2853199998 }, "geometry": { "type": "MultiPolygon", "coordinates": [ [ [ [ 872959.609141579829156, 1374375.42572982981801 ], [ 873071.231341579928994, 1374121.134929830208421 ], [ 873357.950141579844058, 1374184.955729831010103 ], [ 873505.603741579689085, 1374217.82212983071804 ], [ 873566.018341579474509, 1374139.716129830107093 ], [ 873770.009341579861939, 1373900.981929829344153 ], [ 873795.580541579984128, 1373871.055529830977321 ], [ 873827.699941579252481, 1373855.653529830276966 ], [ 873920.067341580055654, 1373847.149329829961061 ], [ 873997.825741579756141, 1373850.716129830107093 ], [ 874038.60174157936126, 1373852.586729830130935 ], [ 874041.743341580033302, 1373808.808129830285907 ], [ 874122.99234157986939, 1373304.797729829326272 ], [ 874192.386341579258442, 1373301.412529829889536 ], [ 874204.748541579581797, 1373561.019929829984903 ], [ 874235.659941579215229, 1373825.212929829955101 ], [ 874254.197541579604149, 1373876.257329830899835 ], [ 874255.502741579897702, 1373919.799529829993844 ], [ 874216.664141579531133, 1373984.739129830151796 ], [ 874177.877741579897702, 1374054.499929830431938 ], [ 874195.485941579565406, 1374056.150729829445481 ], [ 874203.347341579385102, 1374056.88772982917726 ], [ 874238.759741580113769, 1374046.523129830136895 ], [ 874291.694541580043733, 1374031.418329829350114 ], [ 874309.39834157936275, 1374020.796129830181599 ], [ 874493.858741579577327, 1373990.030329830944538 ], [ 874596.244941580109298, 1373962.006129829213023 ], [ 874645.174141579307616, 1373948.613529829308391 ], [ 874640.934941579587758, 1373915.281129829585552 ], [ 874635.714341579936445, 1373874.232529830187559 ], [ 874626.753541579470038, 1373803.775129830464721 ], [ 874627.580741579644382, 1373802.968729829415679 ], [ 874622.083941579796374, 1373762.799729829654098 ], [ 874625.360941579565406, 1373762.271329829469323 ], [ 874639.842941579408944, 1373782.461529830470681 ], [ 874650.836541580036283, 1373792.71512982994318 ], [ 874656.01614157948643, 1373805.61152983084321 ], [ 874680.223341579549015, 1373809.416929829865694 ], [ 874694.388141579926014, 1373813.64532982930541 ], [ 874713.204141579568386, 1373798.317529829218984 ], [ 874710.138541579246521, 1373780.770129829645157 ], [ 874691.216941579245031, 1373770.305129829794168 ], [ 874672.717941579408944, 1373765.653929829597473 ], [ 874675.360741579905152, 1373752.017529830336571 ], [ 874686.988541579805315, 1373750.64332983084023 ], [ 874723.246341579593718, 1373781.721529830247164 ], [ 874746.713541579432786, 1373790.91812982968986 ], [ 874744.387941579334438, 1373814.385129829868674 ], [ 874749.46194157935679, 1373819.142129831016064 ], [ 874756.544341580010951, 1373818.507729830220342 ], [ 874780.011541579850018, 1373789.755329830572009 ], [ 874771.026341579854488, 1373772.102129830047488 ], [ 874770.920541579835117, 1373763.328329829499125 ], [ 874797.598741579800844, 1373750.790529830381274 ], [ 874795.550541579723358, 1373771.044929830357432 ], [ 874804.958541579544544, 1373771.996329830959439 ], [ 874830.751141579821706, 1373766.288129830732942 ], [ 874829.799941579811275, 1373805.505729829892516 ], [ 874851.047141579911113, 1373812.05972982943058 ], [ 874851.892741579562426, 1373797.68332982994616 ], [ 874860.877941579557955, 1373783.412729829549789 ], [ 874883.182341579347849, 1373768.719329830259085 ], [ 874904.958141579292715, 1373773.159129830077291 ], [ 874919.967341579496861, 1373737.981529830023646 ], [ 874927.711341579444706, 1373716.214729830622673 ], [ 874931.897141579538584, 1373707.424529829993844 ], [ 874953.035941579379141, 1373733.795529829338193 ], [ 874964.434341579675674, 1373740.253329830244184 ], [ 874991.761341579258442, 1373728.496329830959439 ], [ 874994.412941579706967, 1373727.355529829859734 ], [ 875010.79654157999903, 1373726.30972982943058 ], [ 875047.812541579827666, 1373744.828329829499125 ], [ 875055.085741579532623, 1373747.99552983045578 ], [ 875085.427341579459608, 1373757.223329830914736 ], [ 875090.512941579334438, 1373758.201529830694199 ], [ 875117.963141580112278, 1373763.48032983019948 ], [ 875132.744141579605639, 1373781.663129830732942 ], [ 875144.123141579329967, 1373801.605729829519987 ], [ 875145.061541579663754, 1373803.951929830014706 ], [ 875144.834341580048203, 1373813.920129830017686 ], [ 875149.167341579683125, 1373832.105929829180241 ], [ 875150.850941579788923, 1373839.172529829666018 ], [ 875153.322941579855978, 1373843.84012982994318 ], [ 875157.889141580089927, 1373845.362129829823971 ], [ 875172.661541579291224, 1373850.286129830405116 ], [ 875190.998941579833627, 1373856.398729830980301 ], [ 875195.861141579225659, 1373857.648929830640554 ], [ 875200.48294158000499, 1373856.219129830598831 ], [ 875208.502941579557955, 1373851.536529829725623 ], [ 875215.304741580039263, 1373847.565129829570651 ], [ 875225.31234157923609, 1373843.756929829716682 ], [ 875241.010341580025852, 1373837.783329829573631 ], [ 875249.762341579422355, 1373833.754729829728603 ], [ 875256.430541579611599, 1373831.948729829862714 ], [ 875259.919741579331458, 1373832.41132983006537 ], [ 875263.458141579292715, 1373834.792929830029607 ], [ 875268.933341579511762, 1373838.477929830551147 ], [ 875274.150741579942405, 1373841.989529829472303 ], [ 875284.989141579717398, 1373844.558929830789566 ], [ 875311.187541579827666, 1373850.769529830664396 ], [ 875324.919141579419374, 1373855.984329830855131 ], [ 875327.83554157987237, 1373854.7317298296839 ], [ 875349.797741579823196, 1373845.297729829326272 ], [ 875365.408941579982638, 1373840.527529830113053 ], [ 875367.071141580119729, 1373840.166129829362035 ], [ 875389.655141579918563, 1373853.342529829591513 ], [ 875402.283341580070555, 1373861.16052982956171 ], [ 875408.409341579303145, 1373861.538729829713702 ], [ 875419.661941579543054, 1373862.233329830691218 ], [ 875430.321141580119729, 1373863.998929830268025 ], [ 875433.276141579262912, 1373863.205729831010103 ], [ 875439.53894157987088, 1373861.524729829281569 ], [ 875442.861541579477489, 1373859.454929830506444 ], [ 875451.335741579532623, 1373854.175929829478264 ], [ 875455.364341579377651, 1373853.203529831022024 ], [ 875462.932141579687595, 1373853.726929830387235 ], [ 875467.589341579936445, 1373855.287329830229282 ], [ 875474.050341580063105, 1373857.451929830014706 ], [ 875484.731141579337418, 1373862.944929830729961 ], [ 875499.074141579680145, 1373866.301929829642177 ], [ 875507.00854157935828, 1373866.912129830569029 ], [ 875514.637741579674184, 1373865.386329829692841 ], [ 875523.792941579595208, 1373859.588129829615355 ], [ 875533.253141579218209, 1373849.517529830336571 ], [ 875539.966941579245031, 1373844.32972983084619 ], [ 875547.781541579402983, 1373843.524729829281569 ], [ 875553.089141579344869, 1373844.940129829570651 ], [ 875562.244141579605639, 1373847.381329830735922 ], [ 875573.852341579273343, 1373854.081729829311371 ], [ 875581.164741579443216, 1373860.503729829564691 ], [ 875586.649141579866409, 1373865.320329830050468 ], [ 875587.567341580055654, 1373872.359729830175638 ], [ 875588.488741579465568, 1373879.424129830673337 ], [ 875589.404341579414904, 1373886.443129830062389 ], [ 875592.737741579301655, 1373891.749729830771685 ], [ 875596.423141580075026, 1373891.63092982955277 ], [ 875601.547341579571366, 1373891.465929830446839 ], [ 875609.213141580112278, 1373881.094529829919338 ], [ 875613.260341580025852, 1373875.618729829788208 ], [ 875614.733341579325497, 1373873.625929830595851 ], [ 875619.9363415800035, 1373869.715729830786586 ], [ 875629.32754157949239, 1373865.112129829823971 ], [ 875639.905741579830647, 1373859.926729829981923 ], [ 875648.774941579438746, 1373855.578929830342531 ], [ 875663.209341580048203, 1373854.187729829922318 ], [ 875676.773941579274833, 1373855.578929830342531 ], [ 875687.571141580119729, 1373858.516329830512404 ], [ 875699.555741579271853, 1373863.92652983032167 ], [ 875709.228741579689085, 1373868.29312982968986 ], [ 875714.511741579510272, 1373872.100129829719663 ], [ 875719.96914157923311, 1373876.032929830253124 ], [ 875724.414941580034792, 1373880.71512982994318 ], [ 875727.71954157948494, 1373886.065729830414057 ], [ 875729.040941579267383, 1373891.054929830133915 ], [ 875729.426141579635441, 1373897.314929829910398 ], [ 875729.828941579908133, 1373903.85812982916832 ], [ 875731.116341579705477, 1373907.870129829272628 ], [ 875733.394941579550505, 1373911.060329830273986 ], [ 875739.0157415792346, 1373912.427529830485582 ], [ 875746.003741580061615, 1373912.123729830607772 ], [ 875754.889541579410434, 1373911.737329829484224 ], [ 875761.211741579696536, 1373911.462529830634594 ], [ 875764.138141579926014, 1373911.68472982943058 ], [ 875767.093941579572856, 1373913.0577298309654 ], [ 875770.970941579900682, 1373916.478529829531908 ], [ 875773.365541579201818, 1373920.127529829740524 ], [ 875775.303941579535604, 1373925.14472983032465 ], [ 875775.885541579686105, 1373929.903529830276966 ], [ 875776.630741579458117, 1373934.021729830652475 ], [ 875777.145541579462588, 1373937.796729829162359 ], [ 875777.601341580040753, 1373941.138729829341173 ], [ 875779.581141579896212, 1373942.883929830044508 ], [ 875782.462541579268873, 1373942.80972982943058 ], [ 875785.345341579988599, 1373942.735529830679297 ], [ 875787.323541579768062, 1373941.746329830959439 ], [ 875792.792541579343379, 1373939.011929830536246 ], [ 875799.172741579823196, 1373937.189129829406738 ], [ 875804.94494157936424, 1373936.7013298291713 ], [ 875808.60754157975316, 1373934.4817298296839 ], [ 875814.667741579934955, 1373930.808729829266667 ], [ 875816.9211415797472, 1373929.443129830062389 ], [ 875819.680741579271853, 1373927.770529830828309 ], [ 875819.868541579693556, 1373927.716929830610752 ], [ 875822.870941579341888, 1373926.859129829332232 ], [ 875830.403941580094397, 1373927.958729829639196 ], [ 875834.686541579663754, 1373931.11292983032763 ], [ 875836.087741579860449, 1373934.226929830387235 ], [ 875838.267541579902172, 1373945.593329830095172 ], [ 875839.817141579464078, 1373949.777529830113053 ], [ 875843.094341579824686, 1373954.156929830089211 ], [ 875846.675541579723358, 1373956.803929829970002 ], [ 875852.256541579961777, 1373959.24412983097136 ], [ 875859.99194157961756, 1373961.396529830992222 ], [ 875866.601341580040753, 1373961.580129830166698 ], [ 875872.237941579893231, 1373960.876529829576612 ], [ 875881.858341579325497, 1373958.783529829233885 ], [ 875887.574541579931974, 1373957.539929829537868 ], [ 875891.166941579431295, 1373956.758529830724001 ], [ 875895.13934157975018, 1373955.894129829481244 ], [ 875899.334341580048203, 1373956.441529830917716 ], [ 875901.778341579250991, 1373956.760529829189181 ], [ 875904.84314158000052, 1373958.507329830899835 ], [ 875907.389941579662263, 1373959.959129830822349 ], [ 875908.630341579206288, 1373962.294729830697179 ], [ 875908.630341579206288, 1373966.08192983083427 ], [ 875910.996741579845548, 1373993.997729830443859 ], [ 875912.730941579677165, 1373998.532329829409719 ], [ 875917.93014157935977, 1374002.557529829442501 ], [ 875924.638741579838097, 1374004.570129830390215 ], [ 875932.080541579984128, 1374006.802529830485582 ], [ 875942.248741579242051, 1374006.750329829752445 ], [ 875950.517941579222679, 1374006.582329830154777 ], [ 875950.548341579735279, 1374006.585529830306768 ], [ 875936.115541579201818, 1373848.715929830446839 ], [ 875920.569541580043733, 1373683.05912983044982 ], [ 875918.402541579678655, 1373652.841729830950499 ], [ 875906.693941579200327, 1373489.584329830482602 ], [ 875877.013341579586267, 1373212.347329830750823 ], [ 875859.471141579560935, 1372996.651129830628633 ], [ 875854.074141579680145, 1372930.587929829955101 ], [ 875833.066341579891741, 1372702.548329830169678 ], [ 875822.769941579550505, 1372590.780929829925299 ], [ 875817.813741579651833, 1372536.980529829859734 ], [ 875817.060541579499841, 1372528.805929830297828 ], [ 875814.596341579221189, 1372482.860929829999804 ], [ 875810.865941579453647, 1372464.517129831016064 ], [ 875809.354741579852998, 1372456.814129829406738 ], [ 875805.778141579590738, 1372442.891129830852151 ], [ 875800.100941579788923, 1372425.287529829889536 ], [ 875796.744741579517722, 1372417.557129830121994 ], [ 875792.632741579785943, 1372419.791929829865694 ], [ 875791.347941579297185, 1372420.498129829764366 ], [ 875789.800741579383612, 1372421.348529830574989 ], [ 875787.814541579224169, 1372422.171529829502106 ], [ 875783.681541579775512, 1372423.398129830136895 ], [ 875781.780141579918563, 1372423.687129830941558 ], [ 875779.930941579863429, 1372423.720129830762744 ], [ 875777.855141580104828, 1372423.319729829207063 ], [ 875775.273541579954326, 1372422.308529829606414 ], [ 875770.660541580058634, 1372420.115529829636216 ], [ 875767.057941579259932, 1372418.575529830530286 ], [ 875763.089541579596698, 1372417.562529830262065 ], [ 875760.824941579252481, 1372417.40992983058095 ], [ 875758.320541579276323, 1372417.651129830628633 ], [ 875755.637741579674184, 1372418.220729829743505 ], [ 875752.838541579432786, 1372419.054129829630256 ], [ 875750.120341579429805, 1372420.144129829481244 ], [ 875747.680541579611599, 1372421.484529830515385 ], [ 875741.909541579894722, 1372424.820129830390215 ], [ 875735.267941579222679, 1372428.153529830276966 ], [ 875732.171741579659283, 1372429.430729830637574 ], [ 875729.22494157962501, 1372430.335529830306768 ], [ 875727.847941579297185, 1372430.783529829233885 ], [ 875726.588341579772532, 1372431.408729830756783 ], [ 875725.446341579779983, 1372432.211129829287529 ], [ 875724.421941579319537, 1372433.191129829734564 ], [ 875722.901141579262912, 1372435.312729829922318 ], [ 875722.200541580095887, 1372437.403529830276966 ], [ 875721.763941579498351, 1372442.933129830285907 ], [ 875721.495941579341888, 1372446.280529830604792 ], [ 875720.98394157923758, 1372449.415129829198122 ], [ 875719.894341579638422, 1372452.739129830151796 ], [ 875717.892941579222679, 1372456.655129829421639 ], [ 875715.463541579432786, 1372460.561329830437899 ], [ 875713.088941579684615, 1372463.856129830703139 ], [ 875710.852341579273343, 1372466.92652983032167 ], [ 875708.836541580036283, 1372470.160129830241203 ], [ 875706.540341579355299, 1372473.510529829189181 ], [ 875703.462941579520702, 1372476.932129830121994 ], [ 875700.211341579444706, 1372480.740129830315709 ], [ 875697.391941579990089, 1372485.250129830092192 ], [ 875694.692941579967737, 1372489.847129829227924 ], [ 875691.801941579207778, 1372493.916529830545187 ], [ 875689.24774158000946, 1372497.34012982994318 ], [ 875687.558941579423845, 1372500.000129830092192 ], [ 875685.654341579414904, 1372503.230129830539227 ], [ 875683.831941579468548, 1372505.862129829823971 ], [ 875681.800941579975188, 1372508.035729829221964 ], [ 875679.269541579298675, 1372509.890529830008745 ], [ 875673.955541579984128, 1372512.846529830247164 ], [ 875671.352941580116749, 1372514.274329829961061 ], [ 875668.610541579313576, 1372516.036529829725623 ], [ 875663.688941579312086, 1372519.481129830703139 ], [ 875661.59994157962501, 1372520.689729830250144 ], [ 875659.550941579975188, 1372521.286129830405116 ], [ 875657.440141580067575, 1372521.36912983097136 ], [ 875655.165541579946876, 1372521.038129830732942 ], [ 875652.665941579267383, 1372520.317129829898477 ], [ 875649.880541579797864, 1372519.230529829859734 ], [ 875647.074741579592228, 1372518.196729829534888 ], [ 875644.514541579410434, 1372517.634129829704762 ], [ 875638.493941579945385, 1372517.078529831022024 ], [ 875632.134941579774022, 1372516.42652983032167 ], [ 875618.181341580115259, 1372515.386129830032587 ], [ 875606.305741579271853, 1372519.344529829919338 ], [ 875599.302341579459608, 1372524.216729830950499 ], [ 875585.904341579414904, 1372527.566129829734564 ], [ 875579.814341579563916, 1372527.870729830116034 ], [ 875572.810741580091417, 1372524.52112982980907 ], [ 875560.493541579693556, 1372519.264529829844832 ], [ 875542.830741579644382, 1372519.264529829844832 ], [ 875523.786141579970717, 1372525.739129830151796 ], [ 875449.487741579301655, 1372547.358729830011725 ], [ 875409.893341579474509, 1372562.2621298301965 ], [ 875394.174341579899192, 1372570.046729829162359 ], [ 875378.131341579370201, 1372577.991729829460382 ], [ 875314.03054157923907, 1372627.57352983020246 ], [ 875218.600741579197347, 1372699.416729830205441 ], [ 875202.304741580039263, 1372710.3567298296839 ], [ 875196.590941580012441, 1372718.069529829546809 ], [ 875198.406141580082476, 1372730.776529829949141 ], [ 875200.172341579571366, 1372743.140529830008745 ], [ 875194.873541579581797, 1372753.738129829987884 ], [ 875185.158941579982638, 1372761.244929829612374 ], [ 875166.17154157999903, 1372761.244929829612374 ], [ 875151.831741579808295, 1372758.711529830470681 ], [ 875138.024141579866409, 1372751.8077298309654 ], [ 875115.390941579826176, 1372740.491129830479622 ], [ 875095.96194157935679, 1372730.776529829949141 ], [ 875073.883341579698026, 1372726.360929829999804 ], [ 875060.636341579258442, 1372725.919329829514027 ], [ 875041.207141580060124, 1372730.334929829463363 ], [ 875027.518541580066085, 1372730.776529829949141 ], [ 875012.52954158000648, 1372725.979329830035567 ], [ 874996.608541579917073, 1372725.919329829514027 ], [ 874979.46814158000052, 1372725.854529829695821 ], [ 874956.425741579383612, 1372730.334929829463363 ], [ 874940.529141579754651, 1372733.425929829478264 ], [ 874919.897541579790413, 1372731.414929829537868 ], [ 874896.971741579473019, 1372734.405329830944538 ], [ 874878.451941579580307, 1372747.191929830238223 ], [ 874858.097341579385102, 1372776.26972983032465 ], [ 874837.165141579695046, 1372806.173129830509424 ], [ 874811.248941579833627, 1372825.111729830503464 ], [ 874764.395541579462588, 1372838.265129830688238 ], [ 874731.421741579659283, 1372838.171929830685258 ], [ 874702.346741579473019, 1372839.282529830932617 ], [ 874654.069141579791903, 1372839.926329830661416 ], [ 874612.871941579505801, 1372835.420329829677939 ], [ 874590.986141579225659, 1372828.983329830691218 ], [ 874564.101941579952836, 1372812.320729829370975 ], [ 874540.056741579435766, 1372797.025729829445481 ], [ 874507.159741579554975, 1372774.092129830271006 ], [ 874480.565341579727829, 1372762.596729829907417 ], [ 874459.035341579467058, 1372753.653529830276966 ], [ 874436.245741579681635, 1372742.168729830533266 ], [ 874410.911141579970717, 1372733.214729830622673 ], [ 874390.653741579502821, 1372723.006129829213023 ], [ 874358.973741579800844, 1372715.303129829466343 ], [ 874343.767941579222679, 1372711.453329829499125 ], [ 874320.939941579475999, 1372711.388729829341173 ], [ 874303.184941579587758, 1372711.33872983045876 ], [ 874290.481341579928994, 1372717.647329829633236 ], [ 874281.58694157935679, 1372722.697929829359055 ], [ 874271.411341579630971, 1372731.55152983032167 ], [ 874263.772341579198837, 1372740.412329830229282 ], [ 874252.324341579340398, 1372750.531329829245806 ], [ 874240.880541579797864, 1372759.381529830396175 ], [ 873872.260541579686105, 1372906.916929829865694 ], [ 873268.992941579781473, 1373191.623729830607772 ], [ 872737.485141579993069, 1373431.877329830080271 ], [ 872728.627141579985619, 1373436.284729830920696 ], [ 872719.700541580095887, 1373443.80692983046174 ], [ 872715.884741580113769, 1373450.721729829907417 ], [ 872711.428941579535604, 1373462.668329829350114 ], [ 872711.406541579402983, 1373483.427529830485582 ], [ 872709.564741579815745, 1373495.753329830244184 ], [ 872705.680741579271853, 1373510.142129831016064 ], [ 872701.847341579385102, 1373519.272329829633236 ], [ 872696.12414157949388, 1373529.330129830166698 ], [ 872688.497541579417884, 1373538.756329830735922 ], [ 872678.329941580072045, 1373550.066529830917716 ], [ 872660.548141580075026, 1373559.479929830878973 ], [ 872640.862741579301655, 1373569.144929829984903 ], [ 872617.367141579277813, 1373578.92572982981801 ], [ 872598.31854157987982, 1373585.821129830554128 ], [ 872566.569741579703987, 1373598.361929830163717 ], [ 872542.436541579663754, 1373611.541529830545187 ], [ 872521.152941579930484, 1373626.043729830533266 ], [ 872504.96054157987237, 1373637.914529830217361 ], [ 872490.350141579285264, 1373649.219129830598831 ], [ 872482.722741579636931, 1373659.274529829621315 ], [ 872480.175141579471529, 1373667.449129829183221 ], [ 872478.710341579280794, 1373677.176929829642177 ], [ 872406.480741580016911, 1373730.890729829668999 ], [ 872336.005141579546034, 1373788.196929829195142 ], [ 872959.609141579829156, 1374375.42572982981801 ] ] ], [ [ [ 875393.504341579973698, 1371869.883329829201102 ], [ 875384.863141579553485, 1371803.043529830873013 ], [ 875379.00094157923013, 1371804.457929830998182 ], [ 875377.299741579219699, 1371804.932129830121994 ], [ 875372.687141579575837, 1371806.217329829931259 ], [ 875351.949141579680145, 1371811.995929829776287 ], [ 875332.622541579417884, 1371819.185729829594493 ], [ 875314.045141579583287, 1371827.124929830431938 ], [ 875286.179141579195857, 1371839.033529829233885 ], [ 875267.60174157936126, 1371846.97272983007133 ], [ 875248.418141579255462, 1371854.305529830977321 ], [ 875240.957541579380631, 1371856.926329830661416 ], [ 875246.541741579771042, 1371879.454529829323292 ], [ 875272.375541579909623, 1371983.675529830157757 ], [ 875281.852341579273343, 1371981.100529830902815 ], [ 875290.758141580037773, 1371978.194529829546809 ], [ 875301.85754157975316, 1371970.593729829415679 ], [ 875308.771341579966247, 1371967.260329829528928 ], [ 875313.06274157948792, 1371963.093729829415679 ], [ 875314.850741579197347, 1371961.665129829198122 ], [ 875318.188341579400003, 1371959.99832982942462 ], [ 875341.05374157987535, 1371956.613529829308391 ], [ 875355.763141579926014, 1371955.608529830351472 ], [ 875371.828341579996049, 1371949.292129829525948 ], [ 875385.48474157974124, 1371939.632529830560088 ], [ 875401.393341579474509, 1371930.028929829597473 ], [ 875406.675141579471529, 1371926.840529829263687 ], [ 875403.40454158000648, 1371916.443529829382896 ], [ 875393.504341579973698, 1371869.883329829201102 ] ] ] ] } },
{ "type": "Feature", "properties": { "NOM_BARRIO": "LA PAZ", "BARRIO": "011", "PK_BARRIO": "1541001011", "MUNICIPIO": "154", "SECTOR": "1", "CORREGIMIE": "001", "SHAPE_Leng": 1490.45620254, "SHAPE_Area": 114981.45314699999 }, "geometry": { "type": "MultiPolygon", "coordinates": [ [ [ [ 877394.255541579797864, 1373929.297129830345511 ], [ 877398.611941579729319, 1373912.060129830613732 ], [ 877401.664541579782963, 1373900.490529829636216 ], [ 877401.753741580061615, 1373900.000129830092192 ], [ 877402.558741579763591, 1373895.57492982968688 ], [ 877403.301941579207778, 1373889.075129829347134 ], [ 877403.747341579757631, 1373882.698729829862714 ], [ 877403.746941579505801, 1373878.154129829257727 ], [ 877403.307941579259932, 1373870.990529829636216 ], [ 877403.257941579446197, 1373867.546129830181599 ], [ 877403.539541579782963, 1373864.282129829749465 ], [ 877404.299541579559445, 1373855.822529830038548 ], [ 877404.856541579589248, 1373844.219129830598831 ], [ 877405.32794157974422, 1373832.674529829993844 ], [ 877405.902941579930484, 1373823.251129830256104 ], [ 877406.142141579650342, 1373819.039929829537868 ], [ 877406.16354157961905, 1373814.800529830157757 ], [ 877405.99774158000946, 1373810.937129830941558 ], [ 877405.674941579811275, 1373807.854129830375314 ], [ 877405.60894157923758, 1373807.077129829674959 ], [ 877405.697141579352319, 1373806.089929830282927 ], [ 877401.706941579468548, 1373775.165129829198122 ], [ 877401.304741580039263, 1373761.025129830464721 ], [ 877400.782541579566896, 1373749.80212982930243 ], [ 877399.967341579496861, 1373732.997729830443859 ], [ 877399.850541579537094, 1373721.642529830336571 ], [ 877399.892741579562426, 1373713.498529830947518 ], [ 877399.554541579447687, 1373706.327129829674959 ], [ 877399.14694157987833, 1373698.819329829886556 ], [ 877398.980941579677165, 1373689.666129829362035 ], [ 877399.113341579213738, 1373681.31592983007431 ], [ 877399.59994157962501, 1373676.217529829591513 ], [ 877399.871341579593718, 1373673.811329830437899 ], [ 877262.509541579522192, 1373665.200129829347134 ], [ 877253.892541579902172, 1373665.336729830130935 ], [ 877217.292541579343379, 1373666.19172983057797 ], [ 877157.247941579669714, 1373665.729129830375314 ], [ 877099.545541579835117, 1373664.592529829591513 ], [ 877096.772341579198837, 1373665.903329830616713 ], [ 877094.70434157922864, 1373669.313129829242826 ], [ 877093.279941579326987, 1373672.874129829928279 ], [ 877091.37494157999754, 1373686.327729830518365 ], [ 877083.160741579718888, 1373739.922729829326272 ], [ 877077.385941579937935, 1373752.330929830670357 ], [ 877071.25714157987386, 1373762.171129830181599 ], [ 877038.216341579332948, 1373779.681729830801487 ], [ 877028.701541579328477, 1373785.690529830753803 ], [ 877014.71194157935679, 1373796.371729830279946 ], [ 877004.642341579310596, 1373806.515129830688238 ], [ 876993.721741579473019, 1373820.768529830500484 ], [ 876968.611541579477489, 1373856.586329830810428 ], [ 876957.202341579832137, 1373878.356329830363393 ], [ 876955.418541579507291, 1373884.906329829245806 ], [ 876954.59314158000052, 1373915.82212983071804 ], [ 876954.233741579577327, 1373921.24552983045578 ], [ 876999.908941579982638, 1373921.22272983007133 ], [ 877049.784341579303145, 1373929.43332982994616 ], [ 877055.601541579701006, 1373931.632729830220342 ], [ 877075.886541579850018, 1373937.168529830873013 ], [ 877123.886541579850018, 1373946.002329830080271 ], [ 877274.873341579921544, 1373960.158529829233885 ], [ 877273.679941579699516, 1373975.82432983070612 ], [ 877268.630941580049694, 1374005.165729830041528 ], [ 877263.676941579207778, 1374037.420129830017686 ], [ 877289.809541579335928, 1374039.567529829218984 ], [ 877326.072741579264402, 1374042.239529829472303 ], [ 877349.159541579894722, 1374044.892129831016064 ], [ 877357.199741579592228, 1374046.110529830679297 ], [ 877357.914541579782963, 1374042.523129830136895 ], [ 877358.911941579543054, 1374037.536129830405116 ], [ 877362.669941579923034, 1374026.908129829913378 ], [ 877368.854541579261422, 1374011.13852982968092 ], [ 877373.081541579216719, 1374000.223529830574989 ], [ 877374.084141579456627, 1373996.826129829511046 ], [ 877374.878941579721868, 1373993.17512983083725 ], [ 877375.86694157961756, 1373987.772129829972982 ], [ 877377.931541579775512, 1373980.157529830932617 ], [ 877379.636541579850018, 1373975.035929830744863 ], [ 877381.216541579924524, 1373971.650129830464721 ], [ 877382.855741580016911, 1373968.284529829397798 ], [ 877384.738541579805315, 1373963.223529830574989 ], [ 877389.362541579641402, 1373948.201529830694199 ], [ 877391.895541579462588, 1373938.918729830533266 ], [ 877394.255541579797864, 1373929.297129830345511 ] ] ] ] } },
{ "type": "Feature", "properties": { "NOM_BARRIO": "CARACOLI", "BARRIO": "010", "PK_BARRIO": "1541001010", "MUNICIPIO": "154", "SECTOR": "1", "CORREGIMIE": "001", "SHAPE_Leng": 1163.07020792, "SHAPE_Area": 42999.390935099997 }, "geometry": { "type": "MultiPolygon", "coordinates": [ [ [ [ 876892.176741579547524, 1374045.219129830598831 ], [ 876899.487741579301655, 1374025.163729829713702 ], [ 876919.389141580089927, 1374029.006329830735922 ], [ 876923.900141580030322, 1374023.573729829862714 ], [ 876931.064541579224169, 1374012.178329830989242 ], [ 876943.270741580054164, 1373984.087529830634594 ], [ 876948.729141579940915, 1373964.882129829376936 ], [ 876951.074941579252481, 1373944.649729829281569 ], [ 876954.233741579577327, 1373921.24552983045578 ], [ 876954.59314158000052, 1373915.82212983071804 ], [ 876955.418541579507291, 1373884.906329829245806 ], [ 876957.202341579832137, 1373878.356329830363393 ], [ 876968.611541579477489, 1373856.586329830810428 ], [ 876993.721741579473019, 1373820.768529830500484 ], [ 877004.642341579310596, 1373806.515129830688238 ], [ 877014.71194157935679, 1373796.371729830279946 ], [ 877028.701541579328477, 1373785.690529830753803 ], [ 877038.216341579332948, 1373779.681729830801487 ], [ 877013.143741579726338, 1373731.261129830032587 ], [ 877010.507741579785943, 1373732.725329829379916 ], [ 877001.432741579599679, 1373737.766529830172658 ], [ 877005.513741579838097, 1373745.820129830390215 ], [ 877006.603941579349339, 1373747.971529830247164 ], [ 877007.801541579887271, 1373750.334729829803109 ], [ 877008.944741579703987, 1373759.126929830759764 ], [ 877012.684941579587758, 1373765.978129830211401 ], [ 877007.365341579541564, 1373768.907929830253124 ], [ 876993.442141579464078, 1373770.375929830595851 ], [ 876966.965941580012441, 1373768.296729829162359 ], [ 876961.07754157949239, 1373767.834329830482602 ], [ 876954.376541580073535, 1373767.307929830625653 ], [ 876940.02954158000648, 1373766.181129829958081 ], [ 876938.726341580040753, 1373766.078729830682278 ], [ 876938.60794158000499, 1373766.084329830482602 ], [ 876937.052141579799354, 1373766.157529830932617 ], [ 876936.906941579654813, 1373763.955129830166698 ], [ 876936.889141580089927, 1373763.687329830601811 ], [ 876936.789741579443216, 1373762.180329829454422 ], [ 876909.751541580073535, 1373764.840729830786586 ], [ 876873.629941579885781, 1373768.39472983032465 ], [ 876875.274541580118239, 1373796.077129829674959 ], [ 876782.000341579318047, 1373803.871529830619693 ], [ 876785.807341579347849, 1373808.243929829448462 ], [ 876794.357141579501331, 1373823.467129830271006 ], [ 876798.577741580083966, 1373830.982129830867052 ], [ 876808.381341579370201, 1373847.336129829287529 ], [ 876815.717141579836607, 1373859.3871298301965 ], [ 876820.64694157987833, 1373867.485329831019044 ], [ 876825.088141580112278, 1373870.037129830569029 ], [ 876825.861741580069065, 1373869.897329829633236 ], [ 876830.542141580022871, 1373879.9513298291713 ], [ 876834.318141579627991, 1373891.353529829531908 ], [ 876837.148541579954326, 1373899.900129830464721 ], [ 876840.20294157974422, 1373908.952929830178618 ], [ 876841.454741579480469, 1373912.678929829970002 ], [ 876842.421341579407454, 1373915.555929830297828 ], [ 876843.774141579866409, 1373919.492529829964042 ], [ 876846.367541579529643, 1373927.039729829877615 ], [ 876848.939941579475999, 1373934.694729829207063 ], [ 876845.144541579298675, 1373949.857129830867052 ], [ 876826.024941579438746, 1373966.763129830360413 ], [ 876823.767941579222679, 1373969.416129829362035 ], [ 876823.423941579647362, 1373974.596129830926657 ], [ 876821.791941579431295, 1373976.655129829421639 ], [ 876817.666941579431295, 1373978.807129830121994 ], [ 876813.713941579684615, 1373979.816129829734564 ], [ 876810.610941579565406, 1373982.014129830524325 ], [ 876810.641941579990089, 1373986.222129829227924 ], [ 876807.506941579282284, 1373990.548129830509424 ], [ 876804.027941579930484, 1373993.760129829868674 ], [ 876800.708941579796374, 1373998.847129829227924 ], [ 876798.0309415794909, 1374003.071129830554128 ], [ 876796.587941579520702, 1374007.987129829823971 ], [ 876794.659941579215229, 1374014.535129830241203 ], [ 876793.721941580064595, 1374020.72412982955575 ], [ 876793.179941579699516, 1374026.375129830092192 ], [ 876793.293941579759121, 1374031.019129829481244 ], [ 876794.029941579326987, 1374037.673129830509424 ], [ 876793.386941580101848, 1374041.554129829630256 ], [ 876791.112941579893231, 1374043.649129830300808 ], [ 876788.726941579952836, 1374043.993129830807447 ], [ 876785.252941579557955, 1374044.445129830390215 ], [ 876782.883941579610109, 1374048.326129829511046 ], [ 876783.315941579639912, 1374052.223129829391837 ], [ 876783.590941580012441, 1374056.16812982968986 ], [ 876783.153941580094397, 1374057.553129829466343 ], [ 876781.197941579855978, 1374058.507129829376936 ], [ 876778.084941579960287, 1374058.545129830017686 ], [ 876775.833941579796374, 1374060.567129829898477 ], [ 876805.992141579277813, 1374071.727329829707742 ], [ 876838.682541579939425, 1374083.824729830026627 ], [ 876874.214941579848528, 1374096.973729830235243 ], [ 876885.028741579502821, 1374067.010929830372334 ], [ 876892.176741579547524, 1374045.219129830598831 ] ] ] ] } },
{ "type": "Feature", "properties": { "NOM_BARRIO": "ASOVIVIENDA", "BARRIO": "008", "PK_BARRIO": "1541001008", "MUNICIPIO": "154", "SECTOR": "1", "CORREGIMIE": "001", "SHAPE_Leng": 827.20394352200003, "SHAPE_Area": 31154.304965399999 }, "geometry": { "type": "MultiPolygon", "coordinates": [ [ [ [ 875957.738541579805315, 1374091.743329830467701 ], [ 875950.55334157962352, 1374006.639529829844832 ], [ 875950.548341579735279, 1374006.585529830306768 ], [ 875950.517941579222679, 1374006.582329830154777 ], [ 875942.248741579242051, 1374006.750329829752445 ], [ 875932.080541579984128, 1374006.802529830485582 ], [ 875924.638741579838097, 1374004.570129830390215 ], [ 875917.93014157935977, 1374002.557529829442501 ], [ 875912.730941579677165, 1373998.532329829409719 ], [ 875910.996741579845548, 1373993.997729830443859 ], [ 875908.630341579206288, 1373966.08192983083427 ], [ 875908.630341579206288, 1373962.294729830697179 ], [ 875907.389941579662263, 1373959.959129830822349 ], [ 875904.84314158000052, 1373958.507329830899835 ], [ 875901.778341579250991, 1373956.760529829189181 ], [ 875899.334341580048203, 1373956.441529830917716 ], [ 875895.13934157975018, 1373955.894129829481244 ], [ 875891.166941579431295, 1373956.758529830724001 ], [ 875887.574541579931974, 1373957.539929829537868 ], [ 875881.858341579325497, 1373958.783529829233885 ], [ 875872.237941579893231, 1373960.876529829576612 ], [ 875866.601341580040753, 1373961.580129830166698 ], [ 875859.99194157961756, 1373961.396529830992222 ], [ 875852.256541579961777, 1373959.24412983097136 ], [ 875846.675541579723358, 1373956.803929829970002 ], [ 875843.094341579824686, 1373954.156929830089211 ], [ 875839.817141579464078, 1373949.777529830113053 ], [ 875838.267541579902172, 1373945.593329830095172 ], [ 875836.087741579860449, 1373934.226929830387235 ], [ 875834.686541579663754, 1373931.11292983032763 ], [ 875830.403941580094397, 1373927.958729829639196 ], [ 875822.870941579341888, 1373926.859129829332232 ], [ 875819.868541579693556, 1373927.716929830610752 ], [ 875820.009541579522192, 1373929.199729830026627 ], [ 875823.888541579246521, 1373970.035729829221964 ], [ 875829.515141579322517, 1374025.866729829460382 ], [ 875834.48254157975316, 1374086.939329830929637 ], [ 875844.767941579222679, 1374186.716729830950499 ], [ 875846.61694157961756, 1374207.292929830029607 ], [ 875847.50714157987386, 1374232.849729830399156 ], [ 875854.213141580112278, 1374229.809929830953479 ], [ 875858.956141579896212, 1374228.230929829180241 ], [ 875873.185541579499841, 1374226.388729829341173 ], [ 875890.840341580100358, 1374225.204529829323292 ], [ 875899.799541579559445, 1374225.072929829359055 ], [ 875914.68774157948792, 1374224.151929829269648 ], [ 875928.785141579806805, 1374221.914929829537868 ], [ 875940.979741579852998, 1374219.823929829522967 ], [ 875955.310741580091417, 1374217.639729829505086 ], [ 875963.483541579917073, 1374216.662529829889536 ], [ 875968.863141579553485, 1374215.908129829913378 ], [ 875965.925941579975188, 1374188.766929829493165 ], [ 875957.738541579805315, 1374091.743329830467701 ] ] ] ] } },
{ "type": "Feature", "properties": { "NOM_BARRIO": "BUENOS AIRES 1", "BARRIO": "007", "PK_BARRIO": "1541001007", "MUNICIPIO": "154", "SECTOR": "1", "CORREGIMIE": "001", "SHAPE_Leng": 1272.4868730200001, "SHAPE_Area": 80451.52084870002 }, "geometry": { "type": "MultiPolygon", "coordinates": [ [ [ [ 875853.514541579410434, 1374299.062129830941558 ], [ 875851.234141579829156, 1374268.317929830402136 ], [ 875847.673541579395533, 1374237.629729829728603 ], [ 875847.50714157987386, 1374232.849729830399156 ], [ 875846.61694157961756, 1374207.292929830029607 ], [ 875844.767941579222679, 1374186.716729830950499 ], [ 875834.48254157975316, 1374086.939329830929637 ], [ 875829.515141579322517, 1374025.866729829460382 ], [ 875823.888541579246521, 1373970.035729829221964 ], [ 875820.009541579522192, 1373929.199729830026627 ], [ 875819.868541579693556, 1373927.716929830610752 ], [ 875819.680741579271853, 1373927.770529830828309 ], [ 875816.9211415797472, 1373929.443129830062389 ], [ 875814.667741579934955, 1373930.808729829266667 ], [ 875808.60754157975316, 1373934.4817298296839 ], [ 875804.94494157936424, 1373936.7013298291713 ], [ 875799.172741579823196, 1373937.189129829406738 ], [ 875792.792541579343379, 1373939.011929830536246 ], [ 875787.323541579768062, 1373941.746329830959439 ], [ 875785.345341579988599, 1373942.735529830679297 ], [ 875782.462541579268873, 1373942.80972982943058 ], [ 875779.581141579896212, 1373942.883929830044508 ], [ 875777.601341580040753, 1373941.138729829341173 ], [ 875777.145541579462588, 1373937.796729829162359 ], [ 875776.630741579458117, 1373934.021729830652475 ], [ 875775.885541579686105, 1373929.903529830276966 ], [ 875775.303941579535604, 1373925.14472983032465 ], [ 875773.365541579201818, 1373920.127529829740524 ], [ 875770.970941579900682, 1373916.478529829531908 ], [ 875767.093941579572856, 1373913.0577298309654 ], [ 875764.138141579926014, 1373911.68472982943058 ], [ 875761.211741579696536, 1373911.462529830634594 ], [ 875754.889541579410434, 1373911.737329829484224 ], [ 875746.003741580061615, 1373912.123729830607772 ], [ 875739.0157415792346, 1373912.427529830485582 ], [ 875733.394941579550505, 1373911.060329830273986 ], [ 875731.116341579705477, 1373907.870129829272628 ], [ 875729.828941579908133, 1373903.85812982916832 ], [ 875729.426141579635441, 1373897.314929829910398 ], [ 875729.040941579267383, 1373891.054929830133915 ], [ 875727.71954157948494, 1373886.065729830414057 ], [ 875724.414941580034792, 1373880.71512982994318 ], [ 875719.96914157923311, 1373876.032929830253124 ], [ 875714.511741579510272, 1373872.100129829719663 ], [ 875709.228741579689085, 1373868.29312982968986 ], [ 875699.555741579271853, 1373863.92652983032167 ], [ 875687.571141580119729, 1373858.516329830512404 ], [ 875676.773941579274833, 1373855.578929830342531 ], [ 875663.209341580048203, 1373854.187729829922318 ], [ 875648.774941579438746, 1373855.578929830342531 ], [ 875639.905741579830647, 1373859.926729829981923 ], [ 875629.32754157949239, 1373865.112129829823971 ], [ 875619.9363415800035, 1373869.715729830786586 ], [ 875614.733341579325497, 1373873.625929830595851 ], [ 875613.260341580025852, 1373875.618729829788208 ], [ 875614.129141579382122, 1373884.877329830080271 ], [ 875645.243741579353809, 1374216.46452983096242 ], [ 875646.282141579315066, 1374225.155329830944538 ], [ 875648.213541579432786, 1374241.319929830729961 ], [ 875651.36514157988131, 1374248.391929829493165 ], [ 875651.726341580040753, 1374255.975729830563068 ], [ 875653.290941579267383, 1374254.585129830986261 ], [ 875654.902541579678655, 1374253.152729829773307 ], [ 875660.113541579805315, 1374252.673929831013083 ], [ 875664.891541579738259, 1374252.234729830175638 ], [ 875665.262341579422355, 1374256.406129829585552 ], [ 875665.316141579300165, 1374257.010929830372334 ], [ 875666.123141579329967, 1374257.138729829341173 ], [ 875666.492941579781473, 1374257.197329830378294 ], [ 875685.592141579836607, 1374256.006329830735922 ], [ 875685.884541579522192, 1374260.101129829883575 ], [ 875689.281741579994559, 1374261.214129829779267 ], [ 875693.718741579912603, 1374263.242529829964042 ], [ 875700.895941579714417, 1374266.491129830479622 ], [ 875703.272341579198837, 1374269.286929830908775 ], [ 875705.089741579256952, 1374275.018529830500484 ], [ 875706.217141579836607, 1374278.57432983070612 ], [ 875707.388341579586267, 1374282.268129829317331 ], [ 875708.28814157936722, 1374285.105729829519987 ], [ 875710.941941579803824, 1374286.885929830372334 ], [ 875713.283941579982638, 1374288.222329830750823 ], [ 875718.720341579988599, 1374289.475129829719663 ], [ 875738.207741579972208, 1374290.226929830387235 ], [ 875744.095941579900682, 1374289.956729829311371 ], [ 875753.680741579271853, 1374291.062329830601811 ], [ 875760.749341580085456, 1374292.290729830041528 ], [ 875767.116341579705477, 1374293.738129829987884 ], [ 875772.892741579562426, 1374294.360129829496145 ], [ 875776.180741579271853, 1374294.004729829728603 ], [ 875778.935741580091417, 1374294.448929829522967 ], [ 875781.690541579388082, 1374295.693129830062389 ], [ 875783.645741580054164, 1374297.470329830422997 ], [ 875784.853741579689085, 1374299.189329830929637 ], [ 875786.222741579636931, 1374302.713529830798507 ], [ 875787.911341579630971, 1374303.779929829761386 ], [ 875792.887941579334438, 1374304.57972983084619 ], [ 875796.442541579715908, 1374306.001729829236865 ], [ 875802.574341579340398, 1374307.690129829570651 ], [ 875808.350741579197347, 1374308.489929830655456 ], [ 875812.359541580080986, 1374310.253529829904437 ], [ 875817.878941579721868, 1374312.681729830801487 ], [ 875821.783741579391062, 1374313.499729830771685 ], [ 875831.084141579456627, 1374315.921329829841852 ], [ 875838.346541579812765, 1374316.57212983071804 ], [ 875841.52374157961458, 1374316.044929830357432 ], [ 875845.63174157962203, 1374314.541929829865694 ], [ 875849.129741579294205, 1374313.242129830643535 ], [ 875853.563141579739749, 1374312.185929829254746 ], [ 875855.149341579526663, 1374312.023529829457402 ], [ 875853.514541579410434, 1374299.062129830941558 ] ] ] ] } },
{ "type": "Feature", "properties": { "NOM_BARRIO": "EL CASTILLO", "BARRIO": "014", "PK_BARRIO": "1541001014", "MUNICIPIO": "154", "SECTOR": "1", "CORREGIMIE": "001", "SHAPE_Leng": 871.99673680700005, "SHAPE_Area": 36457.1868951 }, "geometry": { "type": "MultiPolygon", "coordinates": [ [ [ [ 877059.253941579721868, 1374174.657329829409719 ], [ 876967.283741579391062, 1374151.944129830226302 ], [ 876947.198541579768062, 1374146.983929829671979 ], [ 876865.18594157975167, 1374126.729929830878973 ], [ 876843.606741579249501, 1374203.586329830810428 ], [ 876832.350141579285264, 1374242.100129829719663 ], [ 876829.440541579388082, 1374250.492929829284549 ], [ 876837.520741580054164, 1374252.958729829639196 ], [ 876890.029941579326987, 1374265.961329830810428 ], [ 877029.23394157923758, 1374300.018929829820991 ], [ 877089.520141579210758, 1374314.557929830625653 ], [ 877131.613741579465568, 1374325.600129829719663 ], [ 877141.026341579854488, 1374274.817929830402136 ], [ 877151.013141579926014, 1374226.421529829502106 ], [ 877052.196541579440236, 1374203.068729830905795 ], [ 877059.253941579721868, 1374174.657329829409719 ] ] ] ] } },
{ "type": "Feature", "properties": { "NOM_BARRIO": "BUENOS AIRES 2", "BARRIO": "006", "PK_BARRIO": "1541001006", "MUNICIPIO": "154", "SECTOR": "1", "CORREGIMIE": "001", "SHAPE_Leng": 2414.5176007, "SHAPE_Area": 229804.23335900001 }, "geometry": { "type": "MultiPolygon", "coordinates": [ [ [ [ 875485.689541579224169, 1374336.154129829257727 ], [ 875485.867941579781473, 1374336.131929829716682 ], [ 875485.868541579693556, 1374336.144329831004143 ], [ 875519.27954158000648, 1374334.343929830938578 ], [ 875533.305541579611599, 1374328.014529829844832 ], [ 875538.291741579771042, 1374325.764329830184579 ], [ 875553.976141579449177, 1374322.849929830059409 ], [ 875563.215141579508781, 1374321.133129829540849 ], [ 875593.250141579657793, 1374315.55212982930243 ], [ 875611.368341580033302, 1374312.525529829785228 ], [ 875611.159141579642892, 1374309.82972983084619 ], [ 875610.613341579213738, 1374302.793529830873013 ], [ 875613.874741579405963, 1374298.839729830622673 ], [ 875618.122541579417884, 1374294.485529830679297 ], [ 875620.825941579416394, 1374294.005529830232263 ], [ 875622.928541579283774, 1374293.165729830041528 ], [ 875624.67074157949537, 1374291.305729830637574 ], [ 875625.511741579510272, 1374288.425929829478264 ], [ 875628.034941579215229, 1374280.806129829958081 ], [ 875631.459141579456627, 1374276.726329829543829 ], [ 875640.787341579794884, 1374267.73932982981205 ], [ 875648.059341579675674, 1374259.234529830515385 ], [ 875651.726341580040753, 1374255.975729830563068 ], [ 875651.36514157988131, 1374248.391929829493165 ], [ 875648.213541579432786, 1374241.319929830729961 ], [ 875646.282141579315066, 1374225.155329830944538 ], [ 875645.243741579353809, 1374216.46452983096242 ], [ 875614.129141579382122, 1373884.877329830080271 ], [ 875613.260341580025852, 1373875.618729829788208 ], [ 875609.213141580112278, 1373881.094529829919338 ], [ 875601.547341579571366, 1373891.465929830446839 ], [ 875596.423141580075026, 1373891.63092982955277 ], [ 875592.737741579301655, 1373891.749729830771685 ], [ 875589.404341579414904, 1373886.443129830062389 ], [ 875588.488741579465568, 1373879.424129830673337 ], [ 875587.567341580055654, 1373872.359729830175638 ], [ 875586.649141579866409, 1373865.320329830050468 ], [ 875581.164741579443216, 1373860.503729829564691 ], [ 875573.852341579273343, 1373854.081729829311371 ], [ 875562.244141579605639, 1373847.381329830735922 ], [ 875553.089141579344869, 1373844.940129829570651 ], [ 875547.781541579402983, 1373843.524729829281569 ], [ 875539.966941579245031, 1373844.32972983084619 ], [ 875533.253141579218209, 1373849.517529830336571 ], [ 875523.792941579595208, 1373859.588129829615355 ], [ 875514.637741579674184, 1373865.386329829692841 ], [ 875507.00854157935828, 1373866.912129830569029 ], [ 875499.074141579680145, 1373866.301929829642177 ], [ 875484.731141579337418, 1373862.944929830729961 ], [ 875474.050341580063105, 1373857.451929830014706 ], [ 875467.589341579936445, 1373855.287329830229282 ], [ 875462.932141579687595, 1373853.726929830387235 ], [ 875455.364341579377651, 1373853.203529831022024 ], [ 875451.335741579532623, 1373854.175929829478264 ], [ 875442.861541579477489, 1373859.454929830506444 ], [ 875439.53894157987088, 1373861.524729829281569 ], [ 875433.276141579262912, 1373863.205729831010103 ], [ 875430.321141580119729, 1373863.998929830268025 ], [ 875419.661941579543054, 1373862.233329830691218 ], [ 875408.409341579303145, 1373861.538729829713702 ], [ 875402.283341580070555, 1373861.16052982956171 ], [ 875389.655141579918563, 1373853.342529829591513 ], [ 875367.071141580119729, 1373840.166129829362035 ], [ 875365.408941579982638, 1373840.527529830113053 ], [ 875349.797741579823196, 1373845.297729829326272 ], [ 875327.83554157987237, 1373854.7317298296839 ], [ 875324.919141579419374, 1373855.984329830855131 ], [ 875311.187541579827666, 1373850.769529830664396 ], [ 875284.989141579717398, 1373844.558929830789566 ], [ 875274.150741579942405, 1373841.989529829472303 ], [ 875268.933341579511762, 1373838.477929830551147 ], [ 875263.458141579292715, 1373834.792929830029607 ], [ 875259.919741579331458, 1373832.41132983006537 ], [ 875256.430541579611599, 1373831.948729829862714 ], [ 875249.762341579422355, 1373833.754729829728603 ], [ 875241.010341580025852, 1373837.783329829573631 ], [ 875225.31234157923609, 1373843.756929829716682 ], [ 875215.304741580039263, 1373847.565129829570651 ], [ 875208.502941579557955, 1373851.536529829725623 ], [ 875200.48294158000499, 1373856.219129830598831 ], [ 875195.861141579225659, 1373857.648929830640554 ], [ 875190.998941579833627, 1373856.398729830980301 ], [ 875172.661541579291224, 1373850.286129830405116 ], [ 875157.889141580089927, 1373845.362129829823971 ], [ 875153.322941579855978, 1373843.84012982994318 ], [ 875150.850941579788923, 1373839.172529829666018 ], [ 875149.167341579683125, 1373832.105929829180241 ], [ 875144.834341580048203, 1373813.920129830017686 ], [ 875145.061541579663754, 1373803.951929830014706 ], [ 875144.123141579329967, 1373801.605729829519987 ], [ 875132.744141579605639, 1373781.663129830732942 ], [ 875117.963141580112278, 1373763.48032983019948 ], [ 875090.512941579334438, 1373758.201529830694199 ], [ 875085.427341579459608, 1373757.223329830914736 ], [ 875055.085741579532623, 1373747.99552983045578 ], [ 875047.812541579827666, 1373744.828329829499125 ], [ 875010.79654157999903, 1373726.30972982943058 ], [ 874994.412941579706967, 1373727.355529829859734 ], [ 874991.761341579258442, 1373728.496329830959439 ], [ 874991.887341579422355, 1373729.990529829636216 ], [ 874993.561541579663754, 1373749.829329829663038 ], [ 874997.045141579583287, 1373791.110929829999804 ], [ 874999.949541579931974, 1373825.527729829773307 ], [ 875018.684141580015421, 1374047.540129829198122 ], [ 875023.9059415794909, 1374047.066329829394817 ], [ 875188.5613415800035, 1374032.124529829248786 ], [ 875188.857341580092907, 1374035.315129829570651 ], [ 875192.348741579800844, 1374072.945729829370975 ], [ 875199.092941579408944, 1374145.635329829528928 ], [ 875200.283941579982638, 1374152.697529830038548 ], [ 875270.339341579936445, 1374145.175929829478264 ], [ 875293.230541579425335, 1374142.718329830095172 ], [ 875330.002941579557955, 1374138.770129829645157 ], [ 875330.638741579838097, 1374143.703929830342531 ], [ 875338.079141579568386, 1374201.430129829794168 ], [ 875354.77194157987833, 1374330.943929830566049 ], [ 875355.328541579656303, 1374335.261929830536246 ], [ 875355.941941579803824, 1374340.020529830828309 ], [ 875377.007541579194367, 1374339.512529829517007 ], [ 875431.669741579331458, 1374338.193929830566049 ], [ 875461.356141579337418, 1374337.477929830551147 ], [ 875485.689541579224169, 1374336.154129829257727 ] ] ] ] } },
{ "type": "Feature", "properties": { "NOM_BARRIO": "NUEVA ESTRELLA", "BARRIO": "009", "PK_BARRIO": "1541001009", "MUNICIPIO": "154", "SECTOR": "1", "CORREGIMIE": "001", "SHAPE_Leng": 3479.5523826600001, "SHAPE_Area": 395670.99680600001 }, "geometry": { "type": "MultiPolygon", "coordinates": [ [ [ [ 876613.127541579306126, 1374355.770529830828309 ], [ 876615.588941579684615, 1374355.549529829993844 ], [ 876618.216341579332948, 1374355.549529829993844 ], [ 876625.860141579993069, 1374355.863529829308391 ], [ 876628.778541579842567, 1374355.533529829233885 ], [ 876632.302541580051184, 1374354.516329830512404 ], [ 876636.679941579699516, 1374353.003929829224944 ], [ 876640.832941579632461, 1374351.646329829469323 ], [ 876645.042541579343379, 1374351.208529829978943 ], [ 876649.427741579711437, 1374350.945729829370975 ], [ 876652.935741580091417, 1374351.208529829978943 ], [ 876653.788741579279304, 1374351.554529830813408 ], [ 876651.836141579784453, 1374346.241529829800129 ], [ 876651.579941580072045, 1374345.54452982917428 ], [ 876650.822541579604149, 1374342.579529829323292 ], [ 876649.925541579723358, 1374336.55912983044982 ], [ 876649.563541579991579, 1374330.594529829919338 ], [ 876649.665141579695046, 1374327.786729829385877 ], [ 876650.004941579885781, 1374324.970529830083251 ], [ 876650.793541579507291, 1374318.854529829695821 ], [ 876651.33554157987237, 1374310.261129830032587 ], [ 876651.330941579304636, 1374305.582129830494523 ], [ 876650.891941579990089, 1374302.141129830852151 ], [ 876650.345741579309106, 1374300.585129830986261 ], [ 876649.362541579641402, 1374298.739129830151796 ], [ 876646.085941579192877, 1374294.17712982930243 ], [ 876639.276741580106318, 1374288.214129829779267 ], [ 876634.358541579917073, 1374283.187529830262065 ], [ 876630.443941579200327, 1374278.483729830011725 ], [ 876626.645541579462588, 1374273.489129830151796 ], [ 876619.68594157975167, 1374263.740529829636216 ], [ 876618.203141579404473, 1374261.390929829329252 ], [ 876616.973541579209268, 1374258.950729830190539 ], [ 876615.997141580097377, 1374256.419929830357432 ], [ 876615.273941579274833, 1374253.798529829829931 ], [ 876614.764141580089927, 1374251.010329829528928 ], [ 876614.427341579459608, 1374247.978729829192162 ], [ 876614.273541579954326, 1374241.186529830098152 ], [ 876614.739741579629481, 1374234.263729829341173 ], [ 876615.752941579557955, 1374228.05212982930243 ], [ 876616.942741579376161, 1374223.516929829493165 ], [ 876617.464341579936445, 1374222.240129830315709 ], [ 876617.937541579827666, 1374221.623529830947518 ], [ 876618.834941579960287, 1374221.05072982981801 ], [ 876621.657541579566896, 1374219.249129829928279 ], [ 876623.190741579979658, 1374218.539929829537868 ], [ 876624.967541580088437, 1374218.214129829779267 ], [ 876626.988141579553485, 1374218.272129829972982 ], [ 876629.252541579306126, 1374218.713529830798507 ], [ 876639.369541579857469, 1374221.268129829317331 ], [ 876641.994941580109298, 1374221.730129830539227 ], [ 876644.526341579854488, 1374221.828329829499125 ], [ 876646.963941579684615, 1374221.562529830262065 ], [ 876649.307541579939425, 1374220.933129830285907 ], [ 876651.33554157987237, 1374219.928529830649495 ], [ 876652.825941579416394, 1374218.537529829889536 ], [ 876653.778741579502821, 1374216.760529829189181 ], [ 876654.193941579200327, 1374214.597129829227924 ], [ 876654.469941579736769, 1374205.878529829904437 ], [ 876654.559541579335928, 1374203.047129830345511 ], [ 876654.453541579656303, 1374188.312129830941558 ], [ 876653.98394157923758, 1374174.645129829645157 ], [ 876653.911541579291224, 1374172.536529829725623 ], [ 876653.39694157987833, 1374164.890129830688238 ], [ 876652.579941580072045, 1374157.705529829487205 ], [ 876651.459541579708457, 1374151.39472983032465 ], [ 876650.033941579982638, 1374146.369529830291867 ], [ 876660.135741579346359, 1374119.135929830372334 ], [ 876679.667341579683125, 1374099.238129829987884 ], [ 876701.036541579291224, 1374074.919329829514027 ], [ 876717.600941579788923, 1374059.948129830881953 ], [ 876721.08694157935679, 1374056.929129829630256 ], [ 876723.995941579341888, 1374054.654129829257727 ], [ 876726.348941579461098, 1374052.283129829913378 ], [ 876730.258941579610109, 1374050.921129830181599 ], [ 876734.681941580027342, 1374050.110129829496145 ], [ 876738.940941579639912, 1374050.09012982994318 ], [ 876742.5309415794909, 1374050.80912983044982 ], [ 876745.079941580072045, 1374051.388129830360413 ], [ 876747.876941579394042, 1374051.147129829972982 ], [ 876750.639941579662263, 1374050.170129830017686 ], [ 876753.641941579990089, 1374050.854129830375314 ], [ 876757.528941580094397, 1374052.086129829287529 ], [ 876759.465941580012441, 1374054.015129830688238 ], [ 876761.517941579222679, 1374057.17712982930243 ], [ 876764.369941580109298, 1374060.193129830062389 ], [ 876765.35794158000499, 1374062.036129830405116 ], [ 876768.111941579729319, 1374063.1371298301965 ], [ 876771.190941579639912, 1374063.192129829898477 ], [ 876773.565941579639912, 1374062.43412983044982 ], [ 876775.833941579796374, 1374060.567129829898477 ], [ 876778.084941579960287, 1374058.545129830017686 ], [ 876781.197941579855978, 1374058.507129829376936 ], [ 876783.153941580094397, 1374057.553129829466343 ], [ 876783.590941580012441, 1374056.16812982968986 ], [ 876783.315941579639912, 1374052.223129829391837 ], [ 876782.883941579610109, 1374048.326129829511046 ], [ 876785.252941579557955, 1374044.445129830390215 ], [ 876788.726941579952836, 1374043.993129830807447 ], [ 876791.112941579893231, 1374043.649129830300808 ], [ 876793.386941580101848, 1374041.554129829630256 ], [ 876794.029941579326987, 1374037.673129830509424 ], [ 876793.293941579759121, 1374031.019129829481244 ], [ 876793.179941579699516, 1374026.375129830092192 ], [ 876793.721941580064595, 1374020.72412982955575 ], [ 876794.659941579215229, 1374014.535129830241203 ], [ 876796.587941579520702, 1374007.987129829823971 ], [ 876798.0309415794909, 1374003.071129830554128 ], [ 876800.708941579796374, 1373998.847129829227924 ], [ 876804.027941579930484, 1373993.760129829868674 ], [ 876807.506941579282284, 1373990.548129830509424 ], [ 876810.641941579990089, 1373986.222129829227924 ], [ 876810.610941579565406, 1373982.014129830524325 ], [ 876813.713941579684615, 1373979.816129829734564 ], [ 876817.666941579431295, 1373978.807129830121994 ], [ 876821.791941579431295, 1373976.655129829421639 ], [ 876823.423941579647362, 1373974.596129830926657 ], [ 876823.767941579222679, 1373969.416129829362035 ], [ 876826.024941579438746, 1373966.763129830360413 ], [ 876845.144541579298675, 1373949.857129830867052 ], [ 876848.939941579475999, 1373934.694729829207063 ], [ 876846.367541579529643, 1373927.039729829877615 ], [ 876843.774141579866409, 1373919.492529829964042 ], [ 876842.421341579407454, 1373915.555929830297828 ], [ 876841.454741579480469, 1373912.678929829970002 ], [ 876840.20294157974422, 1373908.952929830178618 ], [ 876837.148541579954326, 1373899.900129830464721 ], [ 876834.318141579627991, 1373891.353529829531908 ], [ 876830.542141580022871, 1373879.9513298291713 ], [ 876825.861741580069065, 1373869.897329829633236 ], [ 876825.088141580112278, 1373870.037129830569029 ], [ 876820.64694157987833, 1373867.485329831019044 ], [ 876815.717141579836607, 1373859.3871298301965 ], [ 876808.381341579370201, 1373847.336129829287529 ], [ 876798.577741580083966, 1373830.982129830867052 ], [ 876794.357141579501331, 1373823.467129830271006 ], [ 876785.807341579347849, 1373808.243929829448462 ], [ 876782.000341579318047, 1373803.871529830619693 ], [ 876776.276541579514742, 1373797.297729829326272 ], [ 876774.010941579937935, 1373797.482729829847813 ], [ 876769.256941579282284, 1373797.870929829776287 ], [ 876759.195741579867899, 1373798.69232982955873 ], [ 876754.391341580078006, 1373799.084729829803109 ], [ 876749.140541579574347, 1373799.513329830020666 ], [ 876742.975941579788923, 1373800.016729829832911 ], [ 876739.000541579909623, 1373800.341329829767346 ], [ 876738.11654157936573, 1373790.852129830047488 ], [ 876737.214541579596698, 1373781.170329829677939 ], [ 876737.346141579560935, 1373777.727529829367995 ], [ 876737.573341580107808, 1373771.774329829961061 ], [ 876736.723341579549015, 1373764.174129830673337 ], [ 876736.592141579836607, 1373763.000529829412699 ], [ 876735.563941579312086, 1373753.807329829782248 ], [ 876735.719741580076516, 1373742.684529829770327 ], [ 876735.202741580083966, 1373733.151729829609394 ], [ 876734.700541580095887, 1373723.89532982930541 ], [ 876733.429341579787433, 1373714.021329829469323 ], [ 876732.685541579499841, 1373704.739129830151796 ], [ 876731.932141579687595, 1373695.339729830622673 ], [ 876730.614141579717398, 1373686.439129829406738 ], [ 876729.654741579666734, 1373676.358529830351472 ], [ 876728.750541579909623, 1373666.857729829847813 ], [ 876738.489341579377651, 1373665.791329830884933 ], [ 876739.74914157949388, 1373665.653329830616713 ], [ 876738.893941579386592, 1373655.76832983084023 ], [ 876738.058741579763591, 1373646.114929830655456 ], [ 876737.202341579832137, 1373636.216929830610752 ], [ 876705.336741579696536, 1373642.308529829606414 ], [ 876700.536141579970717, 1373729.176129831001163 ], [ 876661.658941579982638, 1373729.275529829785228 ], [ 876657.76614157948643, 1373729.285329829901457 ], [ 876657.634941579774022, 1373711.513329830020666 ], [ 876657.28894157987088, 1373664.627729829400778 ], [ 876657.346341579221189, 1373659.327929830178618 ], [ 876644.705141579732299, 1373667.488529829308391 ], [ 876627.800141579471529, 1373677.443729830905795 ], [ 876625.452141579240561, 1373678.570729829370975 ], [ 876618.877941579557955, 1373679.040329830721021 ], [ 876616.626941579394042, 1373678.799929829314351 ], [ 876614.378741580061615, 1373677.774529829621315 ], [ 876602.423541579395533, 1373672.321129830554128 ], [ 876595.877141579985619, 1373675.545329829677939 ], [ 876564.03054157923907, 1373687.585129830986261 ], [ 876531.735141579993069, 1373695.053129829466343 ], [ 876479.490541579201818, 1373703.039929829537868 ], [ 876479.485941579565406, 1373703.040529830381274 ], [ 876444.92154157999903, 1373707.229329830035567 ], [ 876195.902941579930484, 1373733.475729830563068 ], [ 876054.641341580078006, 1373747.579129830002785 ], [ 876013.986541579477489, 1373743.935329830273986 ], [ 875995.917741579934955, 1373739.250529829412699 ], [ 875987.925741579383612, 1373736.127129830420017 ], [ 875976.806541579775512, 1373730.74832982942462 ], [ 875966.729741579852998, 1373724.848929829895496 ], [ 875959.085341579280794, 1373718.602329829707742 ], [ 875950.224741579964757, 1373710.794329829514027 ], [ 875942.232741579413414, 1373701.077529830858111 ], [ 875932.133141580037773, 1373685.042129829525948 ], [ 875926.548141580075026, 1373674.758129829540849 ], [ 875918.402541579678655, 1373652.841729830950499 ], [ 875920.569541580043733, 1373683.05912983044982 ], [ 875936.115541579201818, 1373848.715929830446839 ], [ 875950.548341579735279, 1374006.585529830306768 ], [ 875950.55334157962352, 1374006.639529829844832 ], [ 875957.738541579805315, 1374091.743329830467701 ], [ 875965.925941579975188, 1374188.766929829493165 ], [ 875968.863141579553485, 1374215.908129829913378 ], [ 875979.56234157923609, 1374212.134929830208421 ], [ 875988.973741579800844, 1374209.162929829210043 ], [ 875996.091341579332948, 1374204.376329829916358 ], [ 876002.666541580110788, 1374198.903129830956459 ], [ 876008.803541579283774, 1374196.27592983096838 ], [ 876015.071941579692066, 1374193.183129830285907 ], [ 876018.86694157961756, 1374188.606529830023646 ], [ 876021.285141579806805, 1374187.224529830738902 ], [ 876031.819341579452157, 1374185.115329829975963 ], [ 876037.291741579771042, 1374181.006329830735922 ], [ 876039.249341580085456, 1374178.588129829615355 ], [ 876040.669741579331458, 1374177.768929829820991 ], [ 876041.782741579227149, 1374176.169729830697179 ], [ 876043.630741579458117, 1374172.510529829189181 ], [ 876044.898541579954326, 1374169.819729829207063 ], [ 876046.294341580010951, 1374169.069329829886556 ], [ 876049.152541579678655, 1374167.533129829913378 ], [ 876053.975141579285264, 1374164.941129829734564 ], [ 876056.320741579867899, 1374163.799729829654098 ], [ 876058.365541579201818, 1374163.439329830929637 ], [ 876066.183941579423845, 1374163.799729829654098 ], [ 876084.315341579727829, 1374162.679529830813408 ], [ 876090.924941579811275, 1374163.923329830169678 ], [ 876098.49234157986939, 1374163.731929829344153 ], [ 876108.080941579304636, 1374160.092729829251766 ], [ 876116.901341579854488, 1374158.782929830253124 ], [ 876129.118941579945385, 1374157.17572982981801 ], [ 876147.849341579712927, 1374153.361729830503464 ], [ 876159.121541579253972, 1374151.050529830157757 ], [ 876173.322341579943895, 1374142.862529831007123 ], [ 876180.989141579717398, 1374139.631529830396175 ], [ 876189.743741579353809, 1374138.550529830157757 ], [ 876201.007541579194367, 1374137.836729830130935 ], [ 876209.242941579781473, 1374138.006729830056429 ], [ 876213.088141580112278, 1374138.652529830113053 ], [ 876215.708541579544544, 1374139.807929830625653 ], [ 876217.784341579303145, 1374141.98312982916832 ], [ 876219.627941579557955, 1374144.916529830545187 ], [ 876220.544741579331458, 1374147.51832983084023 ], [ 876220.544741579331458, 1374150.120329830795527 ], [ 876219.965741579420865, 1374154.071329830214381 ], [ 876218.566541579551995, 1374158.648929830640554 ], [ 876217.897541579790413, 1374161.54452982917428 ], [ 876217.737941579893231, 1374163.669729830697179 ], [ 876217.791141579858959, 1374165.529129829257727 ], [ 876218.376341579481959, 1374167.335529830306768 ], [ 876219.307141579687595, 1374168.796529829502106 ], [ 876220.98294158000499, 1374170.5763298291713 ], [ 876224.46814158000052, 1374172.858729830011725 ], [ 876229.197741579264402, 1374175.057129830121994 ], [ 876232.439941579475999, 1374176.393929829820991 ], [ 876236.068941579200327, 1374176.958329830318689 ], [ 876240.233341579325497, 1374177.166329830884933 ], [ 876244.486941579729319, 1374176.482929829508066 ], [ 876271.592541580088437, 1374169.871129829436541 ], [ 876279.17154157999903, 1374168.000129830092192 ], [ 876285.21774157974869, 1374165.618929829448462 ], [ 876293.052141579799354, 1374161.196529829874635 ], [ 876305.315341579727829, 1374155.260329829528928 ], [ 876310.740741579793394, 1374153.05912983044982 ], [ 876315.996541579253972, 1374151.958529829978943 ], [ 876319.472141579724848, 1374151.873929830268025 ], [ 876324.219341579824686, 1374151.958529829978943 ], [ 876327.355741580016911, 1374152.551129831001163 ], [ 876329.220741579309106, 1374153.651729829609394 ], [ 876330.916141579858959, 1374155.344929829239845 ], [ 876335.239541579969227, 1374160.763329830020666 ], [ 876339.732341580092907, 1374165.080929830670357 ], [ 876344.903341579250991, 1374168.636729830875993 ], [ 876348.382741579785943, 1374169.527529830113053 ], [ 876355.954141579568386, 1374169.859929829835892 ], [ 876361.736541579477489, 1374169.278329830616713 ], [ 876370.223141579888761, 1374168.07352983020246 ], [ 876377.960941579192877, 1374166.78552982956171 ], [ 876383.244141579605639, 1374166.286929830908775 ], [ 876390.200141579844058, 1374166.268729830160737 ], [ 876398.806741579435766, 1374166.8263298291713 ], [ 876408.948741579428315, 1374166.640329830348492 ], [ 876420.858541579917073, 1374165.246529830619693 ], [ 876430.348941579461098, 1374165.292929830029607 ], [ 876436.409541579894722, 1374166.172529829666018 ], [ 876443.448741579428315, 1374168.910729829221964 ], [ 876449.154341579414904, 1374171.72272983007133 ], [ 876455.008141580037773, 1374173.646729830652475 ], [ 876461.676941579207778, 1374174.830929830670357 ], [ 876472.198941580019891, 1374175.200929829850793 ], [ 876478.423141580075026, 1374175.792929830029607 ], [ 876481.757541579194367, 1374177.568929830566049 ], [ 876481.945541579276323, 1374177.783529829233885 ], [ 876487.605741580016911, 1374181.62812983058393 ], [ 876491.289141579531133, 1374182.855929829180241 ], [ 876493.075141579844058, 1374184.307129830121994 ], [ 876494.749341580085456, 1374189.776329830288887 ], [ 876496.666341579519212, 1374203.651929829269648 ], [ 876498.532541579566896, 1374210.090529829263687 ], [ 876498.573941580019891, 1374210.225529830902815 ], [ 876481.549141579307616, 1374293.385129829868674 ], [ 876491.279741579666734, 1374296.069529829546809 ], [ 876504.030141579918563, 1374298.41812982968986 ], [ 876511.411941579543054, 1374298.41812982968986 ], [ 876520.471341579221189, 1374296.740529829636216 ], [ 876529.846141579560935, 1374295.320129830390215 ], [ 876531.150741579942405, 1374296.539929829537868 ], [ 876537.179141579195857, 1374298.755129830911756 ], [ 876542.752741579897702, 1374299.493329830467701 ], [ 876548.55374157987535, 1374299.834129830822349 ], [ 876552.4211415797472, 1374301.026929829269648 ], [ 876555.26474158000201, 1374303.128529829904437 ], [ 876556.914141579531133, 1374305.968529829755425 ], [ 876558.974341579712927, 1374311.98032983019948 ], [ 876561.057741579599679, 1374315.508329829201102 ], [ 876564.046941579319537, 1374317.950929829850793 ], [ 876567.942141579464078, 1374319.760329829528928 ], [ 876571.927741579711437, 1374320.122129829600453 ], [ 876576.456941579468548, 1374320.212729830294847 ], [ 876581.076741579920053, 1374320.845929829403758 ], [ 876584.337741579860449, 1374322.655129829421639 ], [ 876586.4211415797472, 1374325.188329830765724 ], [ 876587.417541579343379, 1374327.72132983058691 ], [ 876587.598541579209268, 1374330.07352983020246 ], [ 876586.879141579382122, 1374345.487129829823971 ], [ 876587.329941580072045, 1374352.241329830139875 ], [ 876588.231741579249501, 1374355.843529829755425 ], [ 876589.403941580094397, 1374357.824729830026627 ], [ 876590.936941579915583, 1374359.085529830306768 ], [ 876594.453541579656303, 1374359.715929830446839 ], [ 876598.4211415797472, 1374359.355729829519987 ], [ 876603.741341579705477, 1374358.545329829677939 ], [ 876610.444741579703987, 1374356.267529830336571 ], [ 876613.127541579306126, 1374355.770529830828309 ] ] ] ] } },
{ "type": "Feature", "properties": { "NOM_BARRIO": "EL ROBLE", "BARRIO": "016", "PK_BARRIO": "1541001016", "MUNICIPIO": "154", "SECTOR": "1", "CORREGIMIE": "001", "SHAPE_Leng": 874.63724110099997, "SHAPE_Area": 37291.591605900001 }, "geometry": { "type": "MultiPolygon", "coordinates": [ [ [ [ 876837.520741580054164, 1374252.958729829639196 ], [ 876829.440541579388082, 1374250.492929829284549 ], [ 876810.763741579838097, 1374304.366729829460382 ], [ 876800.505141579546034, 1374332.681529829278588 ], [ 876790.403941580094397, 1374360.893929829820991 ], [ 876904.920141579583287, 1374388.630529830232263 ], [ 876993.46774157974869, 1374410.769929829984903 ], [ 877060.24774158000946, 1374425.757129829376936 ], [ 877071.002541579306126, 1374429.504129830747843 ], [ 877114.928941579535604, 1374436.991329830139875 ], [ 877115.250341579318047, 1374435.748929830268025 ], [ 877127.221941580064595, 1374361.719729829579592 ], [ 877131.613741579465568, 1374325.600129829719663 ], [ 877089.520141579210758, 1374314.557929830625653 ], [ 877029.23394157923758, 1374300.018929829820991 ], [ 876890.029941579326987, 1374265.961329830810428 ], [ 876837.520741580054164, 1374252.958729829639196 ] ] ] ] } },
{ "type": "Feature", "properties": { "NOM_BARRIO": "PRIMERO DE MAYO", "BARRIO": "013", "PK_BARRIO": "1541001013", "MUNICIPIO": "154", "SECTOR": "1", "CORREGIMIE": "001", "SHAPE_Leng": 899.01192208800001, "SHAPE_Area": 41786.918842400002 }, "geometry": { "type": "MultiPolygon", "coordinates": [ [ [ [ 877201.123741579242051, 1374119.910729829221964 ], [ 877182.159341579303145, 1374111.875729830935597 ], [ 877172.581541579216719, 1374142.868129830807447 ], [ 877167.083541579544544, 1374166.023929830640554 ], [ 877160.089341579936445, 1374195.517129831016064 ], [ 877151.013141579926014, 1374226.421529829502106 ], [ 877141.026341579854488, 1374274.817929830402136 ], [ 877131.613741579465568, 1374325.600129829719663 ], [ 877127.221941580064595, 1374361.719729829579592 ], [ 877115.250341579318047, 1374435.748929830268025 ], [ 877114.928941579535604, 1374436.991329830139875 ], [ 877121.42874157987535, 1374439.188529830425978 ], [ 877150.727741579525173, 1374445.180529830977321 ], [ 877177.258141580037773, 1374450.096729829907417 ], [ 877213.526141579262912, 1374457.336929829791188 ], [ 877220.60974157974124, 1374458.751129830256104 ], [ 877223.397941580042243, 1374452.704529829323292 ], [ 877224.090341580100358, 1374448.47272983007133 ], [ 877224.693141579627991, 1374444.789129830896854 ], [ 877225.4363415800035, 1374440.246729830279946 ], [ 877226.078141579404473, 1374436.325129829347134 ], [ 877226.523541579954326, 1374433.603529829531908 ], [ 877227.179141579195857, 1374429.596729829907417 ], [ 877228.787541579455137, 1374425.467729829251766 ], [ 877229.41314157936722, 1374422.687129830941558 ], [ 877229.874741579405963, 1374420.635929830372334 ], [ 877230.530341579578817, 1374417.721729829907417 ], [ 877232.697541579604149, 1374415.632729830220342 ], [ 877233.936741579324007, 1374413.445929830893874 ], [ 877235.848541579209268, 1374410.072329830378294 ], [ 877236.684741579927504, 1374408.596929829567671 ], [ 877237.087141579948366, 1374406.502529829740524 ], [ 877237.674541579559445, 1374403.444929830729961 ], [ 877238.749341580085456, 1374401.002529829740524 ], [ 877239.855341579765081, 1374398.488929830491543 ], [ 877240.423941579647362, 1374397.196729829534888 ], [ 877240.438341579400003, 1374394.991929830983281 ], [ 877240.453541579656303, 1374392.627329830080271 ], [ 877241.193941579200327, 1374391.113929830491543 ], [ 877242.688541579991579, 1374388.058929830789566 ], [ 877243.742741580121219, 1374383.377729829400778 ], [ 877244.283341580070555, 1374380.976329829543829 ], [ 877244.818341579288244, 1374378.601329829543829 ], [ 877247.083341579884291, 1374375.376529829576612 ], [ 877252.779741579666734, 1374367.266529830172658 ], [ 877255.654141579754651, 1374363.830129830166698 ], [ 877257.220941579900682, 1374360.411529829725623 ], [ 877258.282941579818726, 1374358.094329830259085 ], [ 877258.519941579550505, 1374353.334129830822349 ], [ 877259.277741579338908, 1374349.873529830947518 ], [ 877260.310541579499841, 1374345.156929830089211 ], [ 877261.643941579386592, 1374339.066929830238223 ], [ 877263.013741579838097, 1374335.695129830390215 ], [ 877264.268941579386592, 1374332.605529829859734 ], [ 877265.041341579519212, 1374328.357529830187559 ], [ 877266.103341579437256, 1374325.460929829627275 ], [ 877266.29654157999903, 1374322.56452983058989 ], [ 877268.806741579435766, 1374319.08872983045876 ], [ 877270.544741579331458, 1374318.026729829609394 ], [ 877271.510141579434276, 1374316.578529831022024 ], [ 877271.317141579464078, 1374313.392329830676317 ], [ 877272.668741580098867, 1374309.723529830574989 ], [ 877273.537541579455137, 1374303.351329829543829 ], [ 877273.573941580019891, 1374299.360929829999804 ], [ 877274.696141580119729, 1374297.461929829791188 ], [ 877275.951341579668224, 1374295.337929829955101 ], [ 877275.732141579501331, 1374293.153929829597473 ], [ 877278.646341579966247, 1374287.487529831007123 ], [ 877278.150141580030322, 1374284.633729830384254 ], [ 877279.355941579677165, 1374282.086129829287529 ], [ 877282.756541579961777, 1374274.494529830291867 ], [ 877285.831941579468548, 1374267.959529830142856 ], [ 877287.878541579470038, 1374264.185129830613732 ], [ 877288.588341579772532, 1374263.372929830104113 ], [ 877289.454541579820216, 1374262.71452983096242 ], [ 877290.284741579554975, 1374261.734929829835892 ], [ 877290.886541579850018, 1374259.959129830822349 ], [ 877291.153341579250991, 1374257.82352983020246 ], [ 877290.978941579349339, 1374255.764529829844832 ], [ 877290.829541579820216, 1374253.95692983083427 ], [ 877291.170941580086946, 1374252.575129829347134 ], [ 877292.47494157962501, 1374250.612129829823971 ], [ 877294.025941579602659, 1374248.066129829734564 ], [ 877296.027541579678655, 1374242.74552983045578 ], [ 877298.001941579394042, 1374237.05212982930243 ], [ 877300.56854157987982, 1374230.60812982916832 ], [ 877303.532941579818726, 1374222.66952982917428 ], [ 877304.922141579911113, 1374218.869929829612374 ], [ 877306.679541579447687, 1374214.710129830986261 ], [ 877308.408941579982638, 1374210.425529830157757 ], [ 877309.714541579596698, 1374206.251529829576612 ], [ 877312.578541579656303, 1374197.168529830873013 ], [ 877314.137141579762101, 1374192.514129830524325 ], [ 877315.27194157987833, 1374188.479529829695821 ], [ 877317.584941579960287, 1374179.920529829338193 ], [ 877319.596941580064595, 1374173.132529830560088 ], [ 877274.56994157936424, 1374155.608329830691218 ], [ 877250.929141579195857, 1374144.207329830154777 ], [ 877201.123741579242051, 1374119.910729829221964 ] ] ] ] } },
{ "type": "Feature", "properties": { "NOM_BARRIO": "LA ESPERANZA", "BARRIO": "017", "PK_BARRIO": "1541001017", "MUNICIPIO": "154", "SECTOR": "1", "CORREGIMIE": "001", "SHAPE_Leng": 1294.2282099199999, "SHAPE_Area": 57296.5882843 }, "geometry": { "type": "MultiPolygon", "coordinates": [ [ [ [ 877089.9363415800035, 1374609.818129830062389 ], [ 877102.118941579945385, 1374609.779729830101132 ], [ 877107.537141579203308, 1374610.135929830372334 ], [ 877112.892941579222679, 1374610.747329829260707 ], [ 877125.294941579923034, 1374614.376729829236865 ], [ 877132.074741579592228, 1374618.00592982955277 ], [ 877137.736941579729319, 1374623.396929830312729 ], [ 877138.429941579699516, 1374621.546129830181599 ], [ 877146.700341579504311, 1374613.433129830285907 ], [ 877152.644741579890251, 1374599.597929829731584 ], [ 877155.795141579583287, 1374591.437929829582572 ], [ 877157.901741580106318, 1374579.047729829326272 ], [ 877160.883741579949856, 1374569.763929830864072 ], [ 877164.963541579432786, 1374566.339929830282927 ], [ 877166.895141579210758, 1374564.257729830220342 ], [ 877168.287141579203308, 1374559.783529829233885 ], [ 877169.877541579306126, 1374554.671329829841852 ], [ 877171.70294157974422, 1374548.803929829970002 ], [ 877173.341541579924524, 1374543.537329830229282 ], [ 877174.361541579477489, 1374540.258929830044508 ], [ 877177.056941580027342, 1374537.271929830312729 ], [ 877180.845341579988599, 1374534.576529830694199 ], [ 877186.38214157987386, 1374528.092529829591513 ], [ 877189.2961415797472, 1374522.555929830297828 ], [ 877192.938741579651833, 1374516.873529830947518 ], [ 877195.342941579408944, 1374510.243929829448462 ], [ 877195.634341579861939, 1374506.382729830220342 ], [ 877197.382741579785943, 1374502.958729829639196 ], [ 877197.502141579985619, 1374499.16892983019352 ], [ 877197.798941579647362, 1374497.536929830908775 ], [ 877198.402541579678655, 1374494.2165298294276 ], [ 877198.839741579256952, 1374491.812329830601811 ], [ 877199.42254157923162, 1374490.573729829862714 ], [ 877201.778741579502821, 1374488.551929829642177 ], [ 877205.032141579315066, 1374483.871329830959439 ], [ 877209.184741579927504, 1374477.897529829293489 ], [ 877212.50674157962203, 1374474.6827298309654 ], [ 877213.701541579328477, 1374471.850929830223322 ], [ 877215.668541579507291, 1374467.188329830765724 ], [ 877219.675341580063105, 1374460.7773298304528 ], [ 877220.60974157974124, 1374458.751129830256104 ], [ 877213.526141579262912, 1374457.336929829791188 ], [ 877177.258141580037773, 1374450.096729829907417 ], [ 877150.727741579525173, 1374445.180529830977321 ], [ 877121.42874157987535, 1374439.188529830425978 ], [ 877114.928941579535604, 1374436.991329830139875 ], [ 877071.002541579306126, 1374429.504129830747843 ], [ 877060.24774158000946, 1374425.757129829376936 ], [ 876993.46774157974869, 1374410.769929829984903 ], [ 876904.920141579583287, 1374388.630529830232263 ], [ 876790.403941580094397, 1374360.893929829820991 ], [ 876783.587341579608619, 1374378.565329829230905 ], [ 876779.94354157987982, 1374389.410329829901457 ], [ 876783.968941579572856, 1374389.678329830989242 ], [ 876799.135141579434276, 1374388.11432982981205 ], [ 876809.929141579195857, 1374387.604929830878973 ], [ 876816.89874157961458, 1374388.284129830077291 ], [ 876821.913341579958797, 1374389.557329829782248 ], [ 876825.992941579781473, 1374392.103729829192162 ], [ 876839.421941579319537, 1374401.356129830703139 ], [ 876844.257741579785943, 1374403.510529829189181 ], [ 876848.594341579824686, 1374405.112529831007123 ], [ 876853.821941579692066, 1374405.705729831010103 ], [ 876861.544741579331458, 1374406.239729830995202 ], [ 876868.495141579769552, 1374406.773729830980301 ], [ 876873.663341579958797, 1374407.8415298294276 ], [ 876877.168341579847038, 1374409.384129829704762 ], [ 876884.831741579808295, 1374414.783129829913378 ], [ 876891.15554157923907, 1374419.330529829487205 ], [ 876894.211541580036283, 1374421.718929830938578 ], [ 876899.72534157987684, 1374426.230729829519987 ], [ 876901.386341579258442, 1374429.547929830849171 ], [ 876902.449141579680145, 1374434.258729830384254 ], [ 876906.015941579826176, 1374454.528929829597473 ], [ 876909.85174157936126, 1374467.605929829180241 ], [ 876914.601941579952836, 1374479.032729830592871 ], [ 876919.275941579602659, 1374486.725129829719663 ], [ 876923.554941579699516, 1374494.154329830780625 ], [ 876926.912341579794884, 1374498.625129830092192 ], [ 876930.055941579863429, 1374504.036129830405116 ], [ 876931.956341579556465, 1374509.92652983032167 ], [ 876933.856941579841077, 1374516.863929830491543 ], [ 876934.839741579256952, 1374523.474329829216003 ], [ 876934.786341579630971, 1374525.430329829454422 ], [ 876934.099341579712927, 1374528.99832982942462 ], [ 876932.267141579650342, 1374532.520729830488563 ], [ 876930.664141579531133, 1374535.036529829725623 ], [ 876928.853941579349339, 1374540.518129829317331 ], [ 876927.673941579647362, 1374545.323129830881953 ], [ 876927.855341579765081, 1374548.632129829376936 ], [ 876928.263941579498351, 1374551.98652983084321 ], [ 876931.793741580098867, 1374563.016729829832911 ], [ 876933.917341579683125, 1374568.993529830127954 ], [ 876936.49154157936573, 1374574.841929830610752 ], [ 876944.12414157949388, 1374584.499929830431938 ], [ 876948.223941579461098, 1374588.4665298294276 ], [ 876951.747141580097377, 1374592.17712982930243 ], [ 876953.092341579496861, 1374594.60812982916832 ], [ 876953.170941580086946, 1374596.444929830729961 ], [ 876952.724541579373181, 1374601.093929830938578 ], [ 876951.576741579920053, 1374610.07352983020246 ], [ 876950.811541579663754, 1374616.442129829898477 ], [ 876950.127741579897702, 1374630.177929829806089 ], [ 876949.644941579550505, 1374633.714329829439521 ], [ 876948.518341579474509, 1374639.742329830303788 ], [ 876946.96914157923311, 1374652.028529830276966 ], [ 876947.973541579209268, 1374655.514729829505086 ], [ 876949.526341579854488, 1374657.814129829406738 ], [ 876951.221341579221189, 1374660.323929829522967 ], [ 876955.252741579897702, 1374666.251529829576612 ], [ 876957.660541580058634, 1374671.675929829478264 ], [ 876958.556541579775512, 1374677.379929829388857 ], [ 876959.130741579458117, 1374685.370929829776287 ], [ 876959.924541579559445, 1374690.8415298294276 ], [ 876961.115341579541564, 1374693.616329830139875 ], [ 876963.576341579668224, 1374694.964329829439521 ], [ 876965.402141579426825, 1374694.964329829439521 ], [ 876967.386941580101848, 1374694.012929830700159 ], [ 876969.927341579459608, 1374691.792929830029607 ], [ 876972.785141579806805, 1374688.383729830384254 ], [ 876976.516341580078006, 1374679.900329830124974 ], [ 876978.580341579392552, 1374673.161129830405116 ], [ 876981.27954158000648, 1374666.897729830816388 ], [ 876984.311541579663754, 1374662.692529829218984 ], [ 876988.63934157975018, 1374659.64472983032465 ], [ 876994.132541579194367, 1374656.873929830268025 ], [ 877002.566541579551995, 1374653.992329830303788 ], [ 877030.628341579809785, 1374645.377529829740524 ], [ 877036.213741580024362, 1374643.806329829618335 ], [ 877041.248541579581797, 1374641.21372983045876 ], [ 877046.991341579705477, 1374637.678129829466343 ], [ 877052.104541579261422, 1374633.042729830369353 ], [ 877058.776541579514742, 1374626.659529829397798 ], [ 877065.041341579519212, 1374619.855529829859734 ], [ 877070.914541579782963, 1374615.162929829210043 ], [ 877078.391941579990089, 1374611.766329830512404 ], [ 877085.182541579939425, 1374610.488929830491543 ], [ 877089.9363415800035, 1374609.818129830062389 ] ] ] ] } },
{ "type": "Feature", "properties": { "NOM_BARRIO": "LA VICTORIA", "BARRIO": "018", "PK_BARRIO": "1541001018", "MUNICIPIO": "154", "SECTOR": "1", "CORREGIMIE": "001", "SHAPE_Leng": 748.565675543, "SHAPE_Area": 22314.540752199999 }, "geometry": { "type": "MultiPolygon", "coordinates": [ [ [ [ 877053.481741579249501, 1374728.788729829713702 ], [ 877066.777541579678655, 1374728.497529830783606 ], [ 877078.629541579633951, 1374728.925329830497503 ], [ 877085.462141579948366, 1374728.351329829543829 ], [ 877085.468341579660773, 1374728.313329830765724 ], [ 877094.013041580095887, 1374729.083729829639196 ], [ 877095.030741579830647, 1374727.251929830759764 ], [ 877101.676941579207778, 1374709.04312982968986 ], [ 877103.199941579252481, 1374705.959029830992222 ], [ 877104.109941579401493, 1374701.289029829204082 ], [ 877105.879941579885781, 1374694.882029829546809 ], [ 877109.739941579289734, 1374687.534029830247164 ], [ 877113.658941579982638, 1374682.834029830992222 ], [ 877113.87594157923013, 1374678.219029830768704 ], [ 877118.12494157999754, 1374671.873029829934239 ], [ 877120.448941580019891, 1374665.180029829964042 ], [ 877123.980941579677165, 1374657.318029830232263 ], [ 877127.754941579885781, 1374650.092029830440879 ], [ 877130.676941579207778, 1374641.398029830306768 ], [ 877133.172941579483449, 1374633.624029830098152 ], [ 877135.080941579304636, 1374628.7300298307091 ], [ 877136.914941580034792, 1374625.592029830440879 ], [ 877137.736941579729319, 1374623.396929830312729 ], [ 877132.074741579592228, 1374618.00592982955277 ], [ 877125.294941579923034, 1374614.376729829236865 ], [ 877112.892941579222679, 1374610.747329829260707 ], [ 877107.537141579203308, 1374610.135929830372334 ], [ 877102.118941579945385, 1374609.779729830101132 ], [ 877089.9363415800035, 1374609.818129830062389 ], [ 877085.182541579939425, 1374610.488929830491543 ], [ 877078.391941579990089, 1374611.766329830512404 ], [ 877070.914541579782963, 1374615.162929829210043 ], [ 877065.041341579519212, 1374619.855529829859734 ], [ 877058.776541579514742, 1374626.659529829397798 ], [ 877052.104541579261422, 1374633.042729830369353 ], [ 877046.991341579705477, 1374637.678129829466343 ], [ 877041.248541579581797, 1374641.21372983045876 ], [ 877036.213741580024362, 1374643.806329829618335 ], [ 877030.628341579809785, 1374645.377529829740524 ], [ 877002.566541579551995, 1374653.992329830303788 ], [ 876994.132541579194367, 1374656.873929830268025 ], [ 876988.63934157975018, 1374659.64472983032465 ], [ 876984.311541579663754, 1374662.692529829218984 ], [ 876981.27954158000648, 1374666.897729830816388 ], [ 876978.580341579392552, 1374673.161129830405116 ], [ 876976.516341580078006, 1374679.900329830124974 ], [ 876972.785141579806805, 1374688.383729830384254 ], [ 876969.927341579459608, 1374691.792929830029607 ], [ 876967.386941580101848, 1374694.012929830700159 ], [ 876965.402141579426825, 1374694.964329829439521 ], [ 876963.576341579668224, 1374694.964329829439521 ], [ 876961.115341579541564, 1374693.616329830139875 ], [ 876959.924541579559445, 1374690.8415298294276 ], [ 876959.130741579458117, 1374685.370929829776287 ], [ 876958.556541579775512, 1374677.379929829388857 ], [ 876957.660541580058634, 1374671.675929829478264 ], [ 876955.252741579897702, 1374666.251529829576612 ], [ 876951.221341579221189, 1374660.323929829522967 ], [ 876949.526341579854488, 1374657.814129829406738 ], [ 876944.833741579204798, 1374660.504329830408096 ], [ 876938.256941579282284, 1374663.214929830282927 ], [ 876910.428941579535604, 1374668.275129830464721 ], [ 876922.388341579586267, 1374742.812929829582572 ], [ 876924.879141579382122, 1374759.537329830229282 ], [ 876929.987941579893231, 1374790.232929829508066 ], [ 876932.278141579590738, 1374813.825929829850793 ], [ 876943.658341580070555, 1374812.161929830908775 ], [ 876949.94354157987982, 1374809.087529830634594 ], [ 876960.333341579884291, 1374797.942529829218984 ], [ 876973.032141579315066, 1374785.260129829868674 ], [ 876986.983541579917073, 1374772.748929830268025 ], [ 877006.800541579723358, 1374758.262329829856753 ], [ 877025.596341579221189, 1374743.979929830878973 ], [ 877043.611541579477489, 1374731.102129830047488 ], [ 877053.481741579249501, 1374728.788729829713702 ] ] ] ] } },
{ "type": "Feature", "properties": { "NOM_BARRIO": "LA PLAYA", "BARRIO": "019", "PK_BARRIO": "1541001019", "MUNICIPIO": "154", "SECTOR": "1", "CORREGIMIE": "001", "SHAPE_Leng": 1090.52396159, "SHAPE_Area": 38861.276837500001 }, "geometry": { "type": "MultiPolygon", "coordinates": [ [ [ [ 876891.15554157923907, 1374419.330529829487205 ], [ 876884.831741579808295, 1374414.783129829913378 ], [ 876877.168341579847038, 1374409.384129829704762 ], [ 876873.663341579958797, 1374407.8415298294276 ], [ 876868.495141579769552, 1374406.773729830980301 ], [ 876861.544741579331458, 1374406.239729830995202 ], [ 876853.821941579692066, 1374405.705729831010103 ], [ 876848.594341579824686, 1374405.112529831007123 ], [ 876844.257741579785943, 1374403.510529829189181 ], [ 876839.421941579319537, 1374401.356129830703139 ], [ 876825.992941579781473, 1374392.103729829192162 ], [ 876821.913341579958797, 1374389.557329829782248 ], [ 876816.89874157961458, 1374388.284129830077291 ], [ 876809.929141579195857, 1374387.604929830878973 ], [ 876799.135141579434276, 1374388.11432982981205 ], [ 876783.968941579572856, 1374389.678329830989242 ], [ 876779.94354157987982, 1374389.410329829901457 ], [ 876778.389141580089927, 1374396.281529830768704 ], [ 876777.85974157974124, 1374401.357529830187559 ], [ 876777.541941579431295, 1374406.116129830479622 ], [ 876777.965541579760611, 1374415.104729829356074 ], [ 876778.918541579507291, 1374417.536929830908775 ], [ 876780.295141579583287, 1374418.488729830831289 ], [ 876786.859941579401493, 1374418.488729830831289 ], [ 876801.473341579549015, 1374418.255729829892516 ], [ 876803.633141580037773, 1374422.453329829499125 ], [ 876829.382741579785943, 1374473.243929829448462 ], [ 876830.339141579344869, 1374482.079329829663038 ], [ 876831.528741579502821, 1374511.405729830265045 ], [ 876831.528741579502821, 1374530.169929830357432 ], [ 876832.507941579446197, 1374548.743529830127954 ], [ 876830.802141579799354, 1374555.689329830929637 ], [ 876829.752341579645872, 1374559.358729830011725 ], [ 876829.358741579577327, 1374569.056529829278588 ], [ 876828.70254157949239, 1374572.46372983045876 ], [ 876827.142341579310596, 1374583.223729830235243 ], [ 876828.072541579604149, 1374592.513729829341173 ], [ 876831.421341579407454, 1374612.766129830852151 ], [ 876833.098541579209268, 1374666.549529829993844 ], [ 876834.283741579391062, 1374677.499129829928279 ], [ 876842.284341579303145, 1374731.950529830530286 ], [ 876848.971941580064595, 1374765.882129829376936 ], [ 876853.960741579532623, 1374776.633529830724001 ], [ 876865.251341579481959, 1374796.562929829582572 ], [ 876882.411541579291224, 1374820.816929830238223 ], [ 876885.972141579724848, 1374819.5915298294276 ], [ 876888.411341579630971, 1374818.779529830440879 ], [ 876897.863541579805315, 1374817.358329830691218 ], [ 876924.085941579192877, 1374815.023729830980301 ], [ 876932.278141579590738, 1374813.825929829850793 ], [ 876929.987941579893231, 1374790.232929829508066 ], [ 876924.879141579382122, 1374759.537329830229282 ], [ 876922.388341579586267, 1374742.812929829582572 ], [ 876910.428941579535604, 1374668.275129830464721 ], [ 876938.256941579282284, 1374663.214929830282927 ], [ 876944.833741579204798, 1374660.504329830408096 ], [ 876949.526341579854488, 1374657.814129829406738 ], [ 876947.973541579209268, 1374655.514729829505086 ], [ 876946.96914157923311, 1374652.028529830276966 ], [ 876948.518341579474509, 1374639.742329830303788 ], [ 876949.644941579550505, 1374633.714329829439521 ], [ 876950.127741579897702, 1374630.177929829806089 ], [ 876950.811541579663754, 1374616.442129829898477 ], [ 876951.576741579920053, 1374610.07352983020246 ], [ 876952.724541579373181, 1374601.093929830938578 ], [ 876953.170941580086946, 1374596.444929830729961 ], [ 876953.092341579496861, 1374594.60812982916832 ], [ 876951.747141580097377, 1374592.17712982930243 ], [ 876948.223941579461098, 1374588.4665298294276 ], [ 876944.12414157949388, 1374584.499929830431938 ], [ 876936.49154157936573, 1374574.841929830610752 ], [ 876933.917341579683125, 1374568.993529830127954 ], [ 876931.793741580098867, 1374563.016729829832911 ], [ 876928.263941579498351, 1374551.98652983084321 ], [ 876927.855341579765081, 1374548.632129829376936 ], [ 876927.673941579647362, 1374545.323129830881953 ], [ 876928.853941579349339, 1374540.518129829317331 ], [ 876930.664141579531133, 1374535.036529829725623 ], [ 876932.267141579650342, 1374532.520729830488563 ], [ 876934.099341579712927, 1374528.99832982942462 ], [ 876934.786341579630971, 1374525.430329829454422 ], [ 876934.839741579256952, 1374523.474329829216003 ], [ 876933.856941579841077, 1374516.863929830491543 ], [ 876931.956341579556465, 1374509.92652983032167 ], [ 876930.055941579863429, 1374504.036129830405116 ], [ 876926.912341579794884, 1374498.625129830092192 ], [ 876923.554941579699516, 1374494.154329830780625 ], [ 876919.275941579602659, 1374486.725129829719663 ], [ 876914.601941579952836, 1374479.032729830592871 ], [ 876909.85174157936126, 1374467.605929829180241 ], [ 876906.015941579826176, 1374454.528929829597473 ], [ 876902.449141579680145, 1374434.258729830384254 ], [ 876901.386341579258442, 1374429.547929830849171 ], [ 876899.72534157987684, 1374426.230729829519987 ], [ 876894.211541580036283, 1374421.718929830938578 ], [ 876891.15554157923907, 1374419.330529829487205 ] ] ] ] } },
{ "type": "Feature", "properties": { "NOM_BARRIO": "CLEMENTE ARRIETA", "BARRIO": "021", "PK_BARRIO": "1541001021", "MUNICIPIO": "154", "SECTOR": "1", "CORREGIMIE": "001", "SHAPE_Leng": 1343.59344341, "SHAPE_Area": 76311.394808600002 }, "geometry": { "type": "MultiPolygon", "coordinates": [ [ [ [ 876341.155141579918563, 1374969.096129830926657 ], [ 876342.745141579769552, 1374968.706529829651117 ], [ 876349.142141579650342, 1374968.706529829651117 ], [ 876362.422141579911113, 1374967.918529830873013 ], [ 876366.819741579703987, 1374967.765329830348492 ], [ 876367.816941579803824, 1374967.484529830515385 ], [ 876368.430541579611599, 1374966.743929829448462 ], [ 876370.413741579279304, 1374963.269929829984903 ], [ 876370.865941579453647, 1374961.62812983058393 ], [ 876372.591741579584777, 1374957.359929829835892 ], [ 876376.301341579295695, 1374947.990329829975963 ], [ 876377.535941579379141, 1374943.527729829773307 ], [ 876379.123341579921544, 1374941.120129829272628 ], [ 876382.474741579964757, 1374939.123729830607772 ], [ 876387.265541579574347, 1374937.0121298301965 ], [ 876392.242141579277813, 1374934.899929830804467 ], [ 876396.0157415792346, 1374932.704929830506444 ], [ 876399.540741579607129, 1374931.172529829666018 ], [ 876402.360741579905152, 1374931.08952983096242 ], [ 876409.090741579420865, 1374931.261929830536246 ], [ 876411.756941579282284, 1374931.1371298301965 ], [ 876414.506341579370201, 1374930.59632983058691 ], [ 876417.880741579458117, 1374929.306529829278588 ], [ 876419.422141579911113, 1374929.264929829165339 ], [ 876426.670941580086946, 1374929.05692983046174 ], [ 876433.545341579243541, 1374929.429329829290509 ], [ 876437.002341579645872, 1374929.548529829829931 ], [ 876439.207741579972208, 1374928.953129829838872 ], [ 876441.293941579759121, 1374928.238929830491543 ], [ 876446.598541579209268, 1374927.643529830500484 ], [ 876452.737741579301655, 1374927.881729830056429 ], [ 876456.015941579826176, 1374928.357929829508066 ], [ 876461.778341579250991, 1374929.509929830208421 ], [ 876465.365541579201818, 1374929.295929830521345 ], [ 876474.842341579496861, 1374927.370929829776287 ], [ 876478.643741579726338, 1374925.606529830023646 ], [ 876484.265541579574347, 1374924.323129830881953 ], [ 876486.83554157987237, 1374924.26972983032465 ], [ 876490.286141579970717, 1374925.563729830086231 ], [ 876492.663341579958797, 1374926.455329829826951 ], [ 876522.15554157923907, 1374929.056329829618335 ], [ 876543.698741579428315, 1374931.789129830896854 ], [ 876560.729141579940915, 1374931.18472982943058 ], [ 876573.696541579440236, 1374928.162929829210043 ], [ 876603.49954157974571, 1374920.61572982929647 ], [ 876609.001341579481959, 1374919.301929829642177 ], [ 876624.898541579954326, 1374916.469529829919338 ], [ 876625.995341579429805, 1374922.625129830092192 ], [ 876627.865541579201818, 1374922.344929829239845 ], [ 876633.277341580018401, 1374923.052529830485582 ], [ 876640.65454158000648, 1374925.301729829981923 ], [ 876642.906541579402983, 1374925.999729830771685 ], [ 876647.954141579568386, 1374927.240529829636216 ], [ 876651.99234157986939, 1374926.309929830953479 ], [ 876659.990941579453647, 1374926.077329829335213 ], [ 876662.553541579283774, 1374925.379329830408096 ], [ 876662.928141579963267, 1374925.182929830625653 ], [ 876669.934141580015421, 1374923.049529829993844 ], [ 876700.098141579888761, 1374906.938129829242826 ], [ 876735.207941579632461, 1374889.03552982956171 ], [ 876730.684541579335928, 1374877.263929830864072 ], [ 876728.121741579845548, 1374868.944529829546809 ], [ 876729.837941579520702, 1374834.382329830899835 ], [ 876726.222741579636931, 1374806.577529830858111 ], [ 876724.121341579593718, 1374797.126329829916358 ], [ 876665.813541579991579, 1374735.498929830268025 ], [ 876643.546341579407454, 1374720.531129829585552 ], [ 876640.189541579224169, 1374716.842729829251766 ], [ 876653.680741579271853, 1374655.097329830750823 ], [ 876552.268341579474509, 1374647.963929830119014 ], [ 876526.435541579499841, 1374758.637329829856753 ], [ 876510.228741579689085, 1374757.138729829341173 ], [ 876496.258941579610109, 1374756.890729829668999 ], [ 876476.645741580054164, 1374754.983329830691218 ], [ 876480.863941580057144, 1374733.722329830750823 ], [ 876457.704741579480469, 1374730.394929829984903 ], [ 876421.884741580113769, 1374728.543329829350114 ], [ 876381.846741579473019, 1374724.840329829603434 ], [ 876368.016741579398513, 1374768.42712982930243 ], [ 876363.920141579583287, 1374795.582729829475284 ], [ 876363.920141579583287, 1374840.965929830446839 ], [ 876367.644341579638422, 1374859.193729830905795 ], [ 876368.223141579888761, 1374875.406329829245806 ], [ 876341.977541579864919, 1374960.399729829281569 ], [ 876341.155141579918563, 1374969.096129830926657 ] ] ] ] } },
{ "type": "Feature", "properties": { "NOM_BARRIO": "PUEBLO NUEVO", "BARRIO": "020", "PK_BARRIO": "1541001020", "MUNICIPIO": "154", "SECTOR": "1", "CORREGIMIE": "001", "SHAPE_Leng": 3744.0138683199998, "SHAPE_Area": 508312.44069199997 }, "geometry": { "type": "MultiPolygon", "coordinates": [ [ [ [ 876150.549941579811275, 1375005.751729829236865 ], [ 876159.799141579307616, 1375004.141929829493165 ], [ 876171.602341579273343, 1375004.99072982929647 ], [ 876179.966341579332948, 1375005.592329829931259 ], [ 876186.567141579464078, 1375003.976129829883575 ], [ 876194.43014157935977, 1375000.171529829502106 ], [ 876197.473941579461098, 1374994.084129830822349 ], [ 876199.502941579557955, 1374983.177529830485582 ], [ 876201.220941579900682, 1374982.563529830425978 ], [ 876205.845541579648852, 1374982.994529830291867 ], [ 876218.700741579756141, 1374984.70692983083427 ], [ 876248.489941579289734, 1374989.422329830005765 ], [ 876254.178941579535604, 1374990.174129830673337 ], [ 876256.840741579420865, 1374990.992129830643535 ], [ 876259.285341579467058, 1374992.178129829466343 ], [ 876262.927141579799354, 1374992.892129831016064 ], [ 876266.032341579906642, 1374993.19992982968688 ], [ 876268.537141579203308, 1374992.595729829743505 ], [ 876270.666341579519212, 1374991.709729829803109 ], [ 876273.248741579242051, 1374990.843529829755425 ], [ 876277.812941580079496, 1374990.736129829660058 ], [ 876281.139941579662263, 1374990.380129830911756 ], [ 876283.516341580078006, 1374989.23312982916832 ], [ 876283.98434157948941, 1374988.934929830953479 ], [ 876285.128741580061615, 1374987.163529830053449 ], [ 876287.245541580021381, 1374984.87812983058393 ], [ 876289.934541579335928, 1374983.678129829466343 ], [ 876293.857141579501331, 1374982.83732983097434 ], [ 876302.880541579797864, 1374983.181729830801487 ], [ 876305.668941579759121, 1374983.17712982930243 ], [ 876308.406741579994559, 1374982.834929829463363 ], [ 876322.7809415794909, 1374976.546129830181599 ], [ 876333.186741579324007, 1374971.993529830127954 ], [ 876338.847941579297185, 1374969.661129830405116 ], [ 876341.155141579918563, 1374969.096129830926657 ], [ 876341.977541579864919, 1374960.399729829281569 ], [ 876368.223141579888761, 1374875.406329829245806 ], [ 876367.644341579638422, 1374859.193729830905795 ], [ 876363.920141579583287, 1374840.965929830446839 ], [ 876363.920141579583287, 1374795.582729829475284 ], [ 876368.016741579398513, 1374768.42712982930243 ], [ 876381.846741579473019, 1374724.840329829603434 ], [ 876421.884741580113769, 1374728.543329829350114 ], [ 876457.704741579480469, 1374730.394929829984903 ], [ 876480.863941580057144, 1374733.722329830750823 ], [ 876476.645741580054164, 1374754.983329830691218 ], [ 876496.258941579610109, 1374756.890729829668999 ], [ 876510.228741579689085, 1374757.138729829341173 ], [ 876526.435541579499841, 1374758.637329829856753 ], [ 876552.268341579474509, 1374647.963929830119014 ], [ 876653.680741579271853, 1374655.097329830750823 ], [ 876640.189541579224169, 1374716.842729829251766 ], [ 876643.546341579407454, 1374720.531129829585552 ], [ 876665.813541579991579, 1374735.498929830268025 ], [ 876724.121341579593718, 1374797.126329829916358 ], [ 876726.222741579636931, 1374806.577529830858111 ], [ 876729.837941579520702, 1374834.382329830899835 ], [ 876728.121741579845548, 1374868.944529829546809 ], [ 876730.684541579335928, 1374877.263929830864072 ], [ 876735.207941579632461, 1374889.03552982956171 ], [ 876781.21774157974869, 1374867.859929829835892 ], [ 876790.135341580025852, 1374863.360129829496145 ], [ 876798.182741579599679, 1374859.299329830333591 ], [ 876842.291741579771042, 1374839.145929830148816 ], [ 876850.732741579413414, 1374834.662129830569029 ], [ 876874.080141579732299, 1374825.193929830566049 ], [ 876882.411541579291224, 1374820.816929830238223 ], [ 876865.251341579481959, 1374796.562929829582572 ], [ 876853.960741579532623, 1374776.633529830724001 ], [ 876848.971941580064595, 1374765.882129829376936 ], [ 876842.284341579303145, 1374731.950529830530286 ], [ 876834.283741579391062, 1374677.499129829928279 ], [ 876833.098541579209268, 1374666.549529829993844 ], [ 876831.421341579407454, 1374612.766129830852151 ], [ 876828.072541579604149, 1374592.513729829341173 ], [ 876827.142341579310596, 1374583.223729830235243 ], [ 876828.70254157949239, 1374572.46372983045876 ], [ 876829.358741579577327, 1374569.056529829278588 ], [ 876829.752341579645872, 1374559.358729830011725 ], [ 876830.802141579799354, 1374555.689329830929637 ], [ 876832.507941579446197, 1374548.743529830127954 ], [ 876831.528741579502821, 1374530.169929830357432 ], [ 876831.528741579502821, 1374511.405729830265045 ], [ 876830.339141579344869, 1374482.079329829663038 ], [ 876829.382741579785943, 1374473.243929829448462 ], [ 876803.633141580037773, 1374422.453329829499125 ], [ 876801.473341579549015, 1374418.255729829892516 ], [ 876786.859941579401493, 1374418.488729830831289 ], [ 876780.295141579583287, 1374418.488729830831289 ], [ 876778.918541579507291, 1374417.536929830908775 ], [ 876777.965541579760611, 1374415.104729829356074 ], [ 876777.541941579431295, 1374406.116129830479622 ], [ 876777.85974157974124, 1374401.357529830187559 ], [ 876778.389141580089927, 1374396.281529830768704 ], [ 876779.94354157987982, 1374389.410329829901457 ], [ 876769.148541579954326, 1374388.691529830917716 ], [ 876741.518341579474509, 1374387.719729829579592 ], [ 876735.568141579627991, 1374387.55912983044982 ], [ 876731.493941579945385, 1374387.987329829484224 ], [ 876719.754141579382122, 1374390.610729830339551 ], [ 876714.35214157961309, 1374391.20892982929945 ], [ 876710.259341579861939, 1374391.101329829543829 ], [ 876701.697141579352319, 1374389.272729830816388 ], [ 876694.911741579882801, 1374385.723129829391837 ], [ 876690.388341579586267, 1374382.281129829585552 ], [ 876685.003141579218209, 1374378.462729830294847 ], [ 876678.178941579535604, 1374373.861729830503464 ], [ 876675.21054157987237, 1374371.23792983032763 ], [ 876668.830141579732299, 1374365.785929830744863 ], [ 876665.099541579373181, 1374362.409529829397798 ], [ 876655.742141579277813, 1374352.347129829227924 ], [ 876653.788741579279304, 1374351.554529830813408 ], [ 876652.935741580091417, 1374351.208529829978943 ], [ 876649.427741579711437, 1374350.945729829370975 ], [ 876645.042541579343379, 1374351.208529829978943 ], [ 876640.832941579632461, 1374351.646329829469323 ], [ 876636.679941579699516, 1374353.003929829224944 ], [ 876632.302541580051184, 1374354.516329830512404 ], [ 876628.778541579842567, 1374355.533529829233885 ], [ 876625.860141579993069, 1374355.863529829308391 ], [ 876618.216341579332948, 1374355.549529829993844 ], [ 876615.588941579684615, 1374355.549529829993844 ], [ 876613.127541579306126, 1374355.770529830828309 ], [ 876610.444741579703987, 1374356.267529830336571 ], [ 876603.741341579705477, 1374358.545329829677939 ], [ 876598.4211415797472, 1374359.355729829519987 ], [ 876594.453541579656303, 1374359.715929830446839 ], [ 876590.936941579915583, 1374359.085529830306768 ], [ 876589.403941580094397, 1374357.824729830026627 ], [ 876588.231741579249501, 1374355.843529829755425 ], [ 876587.329941580072045, 1374352.241329830139875 ], [ 876586.879141579382122, 1374345.487129829823971 ], [ 876587.598541579209268, 1374330.07352983020246 ], [ 876587.417541579343379, 1374327.72132983058691 ], [ 876586.4211415797472, 1374325.188329830765724 ], [ 876584.337741579860449, 1374322.655129829421639 ], [ 876581.076741579920053, 1374320.845929829403758 ], [ 876576.456941579468548, 1374320.212729830294847 ], [ 876571.927741579711437, 1374320.122129829600453 ], [ 876567.942141579464078, 1374319.760329829528928 ], [ 876564.046941579319537, 1374317.950929829850793 ], [ 876561.057741579599679, 1374315.508329829201102 ], [ 876558.974341579712927, 1374311.98032983019948 ], [ 876556.914141579531133, 1374305.968529829755425 ], [ 876555.26474158000201, 1374303.128529829904437 ], [ 876552.4211415797472, 1374301.026929829269648 ], [ 876548.55374157987535, 1374299.834129830822349 ], [ 876542.752741579897702, 1374299.493329830467701 ], [ 876537.179141579195857, 1374298.755129830911756 ], [ 876531.150741579942405, 1374296.539929829537868 ], [ 876529.846141579560935, 1374295.320129830390215 ], [ 876520.471341579221189, 1374296.740529829636216 ], [ 876511.411941579543054, 1374298.41812982968986 ], [ 876504.030141579918563, 1374298.41812982968986 ], [ 876491.279741579666734, 1374296.069529829546809 ], [ 876481.549141579307616, 1374293.385129829868674 ], [ 876498.573941580019891, 1374210.225529830902815 ], [ 876498.532541579566896, 1374210.090529829263687 ], [ 876496.666341579519212, 1374203.651929829269648 ], [ 876494.749341580085456, 1374189.776329830288887 ], [ 876493.075141579844058, 1374184.307129830121994 ], [ 876491.289141579531133, 1374182.855929829180241 ], [ 876487.605741580016911, 1374181.62812983058393 ], [ 876481.945541579276323, 1374177.783529829233885 ], [ 876481.757541579194367, 1374177.568929830566049 ], [ 876478.423141580075026, 1374175.792929830029607 ], [ 876472.198941580019891, 1374175.200929829850793 ], [ 876461.676941579207778, 1374174.830929830670357 ], [ 876455.008141580037773, 1374173.646729830652475 ], [ 876449.154341579414904, 1374171.72272983007133 ], [ 876443.448741579428315, 1374168.910729829221964 ], [ 876436.409541579894722, 1374166.172529829666018 ], [ 876430.348941579461098, 1374165.292929830029607 ], [ 876420.858541579917073, 1374165.246529830619693 ], [ 876408.948741579428315, 1374166.640329830348492 ], [ 876398.806741579435766, 1374166.8263298291713 ], [ 876390.200141579844058, 1374166.268729830160737 ], [ 876383.244141579605639, 1374166.286929830908775 ], [ 876377.960941579192877, 1374166.78552982956171 ], [ 876370.223141579888761, 1374168.07352983020246 ], [ 876361.736541579477489, 1374169.278329830616713 ], [ 876355.954141579568386, 1374169.859929829835892 ], [ 876348.382741579785943, 1374169.527529830113053 ], [ 876344.903341579250991, 1374168.636729830875993 ], [ 876339.732341580092907, 1374165.080929830670357 ], [ 876335.239541579969227, 1374160.763329830020666 ], [ 876330.916141579858959, 1374155.344929829239845 ], [ 876329.220741579309106, 1374153.651729829609394 ], [ 876327.355741580016911, 1374152.551129831001163 ], [ 876324.219341579824686, 1374151.958529829978943 ], [ 876319.472141579724848, 1374151.873929830268025 ], [ 876315.996541579253972, 1374151.958529829978943 ], [ 876310.740741579793394, 1374153.05912983044982 ], [ 876305.315341579727829, 1374155.260329829528928 ], [ 876293.052141579799354, 1374161.196529829874635 ], [ 876285.21774157974869, 1374165.618929829448462 ], [ 876279.17154157999903, 1374168.000129830092192 ], [ 876271.592541580088437, 1374169.871129829436541 ], [ 876244.486941579729319, 1374176.482929829508066 ], [ 876240.233341579325497, 1374177.166329830884933 ], [ 876236.068941579200327, 1374176.958329830318689 ], [ 876232.439941579475999, 1374176.393929829820991 ], [ 876229.197741579264402, 1374175.057129830121994 ], [ 876224.46814158000052, 1374172.858729830011725 ], [ 876220.98294158000499, 1374170.5763298291713 ], [ 876219.307141579687595, 1374168.796529829502106 ], [ 876218.376341579481959, 1374167.335529830306768 ], [ 876217.791141579858959, 1374165.529129829257727 ], [ 876217.737941579893231, 1374163.669729830697179 ], [ 876217.897541579790413, 1374161.54452982917428 ], [ 876218.566541579551995, 1374158.648929830640554 ], [ 876219.965741579420865, 1374154.071329830214381 ], [ 876220.544741579331458, 1374150.120329830795527 ], [ 876220.544741579331458, 1374147.51832983084023 ], [ 876219.627941579557955, 1374144.916529830545187 ], [ 876217.784341579303145, 1374141.98312982916832 ], [ 876215.708541579544544, 1374139.807929830625653 ], [ 876213.088141580112278, 1374138.652529830113053 ], [ 876209.242941579781473, 1374138.006729830056429 ], [ 876201.007541579194367, 1374137.836729830130935 ], [ 876189.743741579353809, 1374138.550529830157757 ], [ 876180.989141579717398, 1374139.631529830396175 ], [ 876173.322341579943895, 1374142.862529831007123 ], [ 876159.121541579253972, 1374151.050529830157757 ], [ 876147.849341579712927, 1374153.361729830503464 ], [ 876129.118941579945385, 1374157.17572982981801 ], [ 876116.901341579854488, 1374158.782929830253124 ], [ 876108.080941579304636, 1374160.092729829251766 ], [ 876098.49234157986939, 1374163.731929829344153 ], [ 876090.924941579811275, 1374163.923329830169678 ], [ 876084.315341579727829, 1374162.679529830813408 ], [ 876066.183941579423845, 1374163.799729829654098 ], [ 876058.365541579201818, 1374163.439329830929637 ], [ 876056.320741579867899, 1374163.799729829654098 ], [ 876053.975141579285264, 1374164.941129829734564 ], [ 876049.152541579678655, 1374167.533129829913378 ], [ 876046.294341580010951, 1374169.069329829886556 ], [ 876044.898541579954326, 1374169.819729829207063 ], [ 876043.630741579458117, 1374172.510529829189181 ], [ 876041.782741579227149, 1374176.169729830697179 ], [ 876040.669741579331458, 1374177.768929829820991 ], [ 876039.249341580085456, 1374178.588129829615355 ], [ 876037.291741579771042, 1374181.006329830735922 ], [ 876031.819341579452157, 1374185.115329829975963 ], [ 876021.285141579806805, 1374187.224529830738902 ], [ 876018.86694157961756, 1374188.606529830023646 ], [ 876015.071941579692066, 1374193.183129830285907 ], [ 876008.803541579283774, 1374196.27592983096838 ], [ 876002.666541580110788, 1374198.903129830956459 ], [ 875996.091341579332948, 1374204.376329829916358 ], [ 875988.973741579800844, 1374209.162929829210043 ], [ 875979.56234157923609, 1374212.134929830208421 ], [ 875968.863141579553485, 1374215.908129829913378 ], [ 875974.097141579724848, 1374264.271729830652475 ], [ 875985.954141579568386, 1374381.631529830396175 ], [ 875994.461741579696536, 1374482.092729829251766 ], [ 876002.300741579383612, 1374576.726929830387235 ], [ 876004.791541580110788, 1374606.579129830002785 ], [ 876006.059741579927504, 1374622.851329829543829 ], [ 876013.785141579806805, 1374705.239729830995202 ], [ 876023.35794158000499, 1374803.772329829633236 ], [ 876027.188141579739749, 1374844.459129830822349 ], [ 876031.853141579777002, 1374901.397929830476642 ], [ 876033.493741579353809, 1374919.69232982955873 ], [ 876037.594741580076516, 1374947.543329829350114 ], [ 876040.431341580115259, 1374960.562729829922318 ], [ 876043.88174157962203, 1374978.223529830574989 ], [ 876050.641741579398513, 1375004.335929829627275 ], [ 876057.98474157974124, 1375030.875329829752445 ], [ 876058.447341579943895, 1375032.669729830697179 ], [ 876059.602941580116749, 1375036.860929829999804 ], [ 876077.535141579806805, 1375032.141929829493165 ], [ 876085.110341579653323, 1375032.130529830232263 ], [ 876096.270541579462588, 1375030.101329829543829 ], [ 876103.455741579644382, 1375028.794929830357432 ], [ 876114.786541579291224, 1375023.506729830056429 ], [ 876120.36654157936573, 1375018.941129829734564 ], [ 876129.244141579605639, 1375014.1219298299402 ], [ 876135.266941579990089, 1375010.852329829707742 ], [ 876141.884541579522192, 1375007.259929830208421 ], [ 876150.549941579811275, 1375005.751729829236865 ] ] ] ] } },
{ "type": "Feature", "properties": { "NOM_BARRIO": "EL AGUILA", "BARRIO": "025", "PK_BARRIO": "1541001025", "MUNICIPIO": "154", "SECTOR": "1", "CORREGIMIE": "001", "SHAPE_Leng": 1141.7374473, "SHAPE_Area": 52921.342145199997 }, "geometry": { "type": "MultiPolygon", "coordinates": [ [ [ [ 877094.013041580095887, 1374729.083729829639196 ], [ 877085.468341579660773, 1374728.313329830765724 ], [ 877085.462141579948366, 1374728.351329829543829 ], [ 877078.629541579633951, 1374728.925329830497503 ], [ 877066.777541579678655, 1374728.497529830783606 ], [ 877053.481741579249501, 1374728.788729829713702 ], [ 877043.611541579477489, 1374731.102129830047488 ], [ 877025.596341579221189, 1374743.979929830878973 ], [ 877006.800541579723358, 1374758.262329829856753 ], [ 876986.983541579917073, 1374772.748929830268025 ], [ 876973.032141579315066, 1374785.260129829868674 ], [ 876960.333341579884291, 1374797.942529829218984 ], [ 876949.94354157987982, 1374809.087529830634594 ], [ 876943.658341580070555, 1374812.161929830908775 ], [ 876932.278141579590738, 1374813.825929829850793 ], [ 876924.085941579192877, 1374815.023729830980301 ], [ 876897.863541579805315, 1374817.358329830691218 ], [ 876888.411341579630971, 1374818.779529830440879 ], [ 876885.972141579724848, 1374819.5915298294276 ], [ 876882.411541579291224, 1374820.816929830238223 ], [ 876874.080141579732299, 1374825.193929830566049 ], [ 876850.732741579413414, 1374834.662129830569029 ], [ 876842.291741579771042, 1374839.145929830148816 ], [ 876798.182741579599679, 1374859.299329830333591 ], [ 876790.135341580025852, 1374863.360129829496145 ], [ 876792.595941579900682, 1374871.781329829245806 ], [ 876805.924341579899192, 1374915.549329830333591 ], [ 876813.446941579692066, 1374947.478729829192162 ], [ 876827.35174157936126, 1375000.613929830491543 ], [ 876841.769341579638422, 1375049.922529829666018 ], [ 876897.763741579838097, 1375035.532529830932617 ], [ 876951.508741579949856, 1375020.784129830077291 ], [ 877019.020941579714417, 1375002.569129830226302 ], [ 877047.957941579632461, 1374995.944529829546809 ], [ 877069.774141579866409, 1374988.194329829886556 ], [ 877082.878941579721868, 1374985.74412983097136 ], [ 877093.568941579200327, 1374986.435129830613732 ], [ 877094.690941579639912, 1374984.209129830822349 ], [ 877095.744941580109298, 1374980.721129830926657 ], [ 877096.513941579498351, 1374978.726129829883575 ], [ 877096.437941580079496, 1374976.500129830092192 ], [ 877095.57794157974422, 1374974.461129829287529 ], [ 877093.834341580048203, 1374973.382929829880595 ], [ 877089.578941579908133, 1374970.881129829213023 ], [ 877073.517341579310596, 1374968.462129829451442 ], [ 877058.17874157987535, 1374960.105729829519987 ], [ 877052.706941579468548, 1374952.845129830762744 ], [ 877050.403341579250991, 1374948.813929829746485 ], [ 877040.805341579951346, 1374941.711329830810428 ], [ 877036.198341580107808, 1374936.912329830229282 ], [ 877036.006341579370201, 1374932.689129829406738 ], [ 877033.510941579937935, 1374930.961529830470681 ], [ 877030.339341579936445, 1374924.744329830631614 ], [ 877028.519941579550505, 1374923.091129830107093 ], [ 877026.056941580027342, 1374920.853129830211401 ], [ 877025.886941580101848, 1374915.460129830986261 ], [ 877024.949941579252481, 1374912.892129831016064 ], [ 877024.274941579438746, 1374908.379129830747843 ], [ 877022.400941579602659, 1374905.986129829660058 ], [ 877021.431941580027342, 1374902.066129829734564 ], [ 877021.18014157935977, 1374900.000129830092192 ], [ 877020.924941579811275, 1374897.908129829913378 ], [ 877020.167941579595208, 1374893.342129830271006 ], [ 877019.48294158000499, 1374885.872129829600453 ], [ 877019.353941579349339, 1374884.835129830986261 ], [ 877019.462941579520702, 1374879.949129829183221 ], [ 877019.754341579973698, 1374878.571929829195142 ], [ 877018.592341579496861, 1374874.977529829367995 ], [ 877018.227541579864919, 1374873.335929829627275 ], [ 877018.35754157975316, 1374871.333529829978943 ], [ 877019.078941579908133, 1374869.870329830795527 ], [ 877020.432341579347849, 1374867.124929830431938 ], [ 877020.17254157923162, 1374864.267329830676317 ], [ 877019.990941579453647, 1374862.270129829645157 ], [ 877019.869341579265893, 1374860.932329829782248 ], [ 877020.188141579739749, 1374859.710929829627275 ], [ 877019.94494157936424, 1374859.049129830673337 ], [ 877018.924941579811275, 1374856.792129829525948 ], [ 877020.642941579222679, 1374851.676129831001163 ], [ 877022.114941579289734, 1374848.7165298294276 ], [ 877021.472541579976678, 1374847.491929830983281 ], [ 877020.416541580110788, 1374847.130329830572009 ], [ 877018.550541579723358, 1374846.491329830139875 ], [ 877018.531741579994559, 1374845.488729830831289 ], [ 877018.470941579900682, 1374842.266129830852151 ], [ 877019.200541580095887, 1374837.766929829493165 ], [ 877020.416541580110788, 1374834.665929829701781 ], [ 877022.787741580046713, 1374830.40992983058095 ], [ 877023.091741579584777, 1374828.403329830616713 ], [ 877024.97674157936126, 1374823.782329829409719 ], [ 877026.253541579470038, 1374821.897529829293489 ], [ 877030.935141579248011, 1374819.526329830288887 ], [ 877033.063341579400003, 1374818.067129829898477 ], [ 877034.517541579902172, 1374816.617929829284549 ], [ 877035.252141579985619, 1374815.148529829457402 ], [ 877036.103341579437256, 1374813.446129830554128 ], [ 877036.902341580018401, 1374809.961729830130935 ], [ 877037.684141580015421, 1374807.852329829707742 ], [ 877038.181941580027342, 1374806.509929830208421 ], [ 877039.632341579534113, 1374804.950729830190539 ], [ 877041.51474158000201, 1374802.927329830825329 ], [ 877043.333141579292715, 1374800.97272983007133 ], [ 877048.133741579949856, 1374797.266329830512404 ], [ 877051.435541579499841, 1374794.793329829350114 ], [ 877056.200541580095887, 1374792.545929830521345 ], [ 877059.95294157974422, 1374790.776329830288887 ], [ 877063.019741579890251, 1374790.07352983020246 ], [ 877069.200941579416394, 1374788.656929830089211 ], [ 877074.534541579894722, 1374787.43472982943058 ], [ 877079.019741579890251, 1374785.413529830053449 ], [ 877079.645941579714417, 1374784.32352983020246 ], [ 877083.097141579724848, 1374778.315529830753803 ], [ 877084.31274157948792, 1374775.323129830881953 ], [ 877088.240541579201818, 1374765.654329830780625 ], [ 877089.757341579534113, 1374760.655729830265045 ], [ 877091.506541579961777, 1374754.891929829493165 ], [ 877092.424141579307616, 1374749.321929829195142 ], [ 877093.330141579732299, 1374743.823129830881953 ], [ 877094.757541579194367, 1374740.4327298309654 ], [ 877098.313341579400003, 1374731.98792983032763 ], [ 877092.918341579847038, 1374731.054329829290509 ], [ 877094.013041580095887, 1374729.083729829639196 ] ] ] ] } },
{ "type": "Feature", "properties": { "NOM_BARRIO": "VILLA GRANDA", "BARRIO": "024", "PK_BARRIO": "1541001024", "MUNICIPIO": "154", "SECTOR": "1", "CORREGIMIE": "001", "SHAPE_Leng": 1156.14520055, "SHAPE_Area": 64140.9669192 }, "geometry": { "type": "MultiPolygon", "coordinates": [ [ [ [ 876843.20254157949239, 1375054.823729829862714 ], [ 876841.769341579638422, 1375049.922529829666018 ], [ 876827.35174157936126, 1375000.613929830491543 ], [ 876813.446941579692066, 1374947.478729829192162 ], [ 876805.924341579899192, 1374915.549329830333591 ], [ 876792.595941579900682, 1374871.781329829245806 ], [ 876790.135341580025852, 1374863.360129829496145 ], [ 876781.21774157974869, 1374867.859929829835892 ], [ 876735.207941579632461, 1374889.03552982956171 ], [ 876700.098141579888761, 1374906.938129829242826 ], [ 876669.934141580015421, 1374923.049529829993844 ], [ 876662.928141579963267, 1374925.182929830625653 ], [ 876662.553541579283774, 1374925.379329830408096 ], [ 876659.990941579453647, 1374926.077329829335213 ], [ 876651.99234157986939, 1374926.309929830953479 ], [ 876647.954141579568386, 1374927.240529829636216 ], [ 876642.906541579402983, 1374925.999729830771685 ], [ 876640.65454158000648, 1374925.301729829981923 ], [ 876633.277341580018401, 1374923.052529830485582 ], [ 876627.865541579201818, 1374922.344929829239845 ], [ 876625.995341579429805, 1374922.625129830092192 ], [ 876624.898541579954326, 1374916.469529829919338 ], [ 876609.001341579481959, 1374919.301929829642177 ], [ 876603.49954157974571, 1374920.61572982929647 ], [ 876573.696541579440236, 1374928.162929829210043 ], [ 876560.729141579940915, 1374931.18472982943058 ], [ 876543.698741579428315, 1374931.789129830896854 ], [ 876522.15554157923907, 1374929.056329829618335 ], [ 876492.663341579958797, 1374926.455329829826951 ], [ 876490.286141579970717, 1374925.563729830086231 ], [ 876487.378741580061615, 1374943.994529830291867 ], [ 876484.897341579198837, 1374972.493129830807447 ], [ 876483.812941580079496, 1374993.698129830881953 ], [ 876475.283341580070555, 1374994.278929829597473 ], [ 876476.446341579779983, 1375004.733729830011725 ], [ 876479.160341579467058, 1375014.220329830422997 ], [ 876483.243541579693556, 1375026.918329829350114 ], [ 876494.699341579340398, 1375052.166929829865694 ], [ 876504.969941579736769, 1375068.341929830610752 ], [ 876526.8113415800035, 1375062.761729830875993 ], [ 876532.00854157935828, 1375062.525729829445481 ], [ 876565.521541579626501, 1375060.594929829239845 ], [ 876592.589541579596698, 1375057.376529829576612 ], [ 876619.657741579227149, 1375052.227529829367995 ], [ 876620.700141579844058, 1375052.033329829573631 ], [ 876630.303941579535604, 1375069.738329829648137 ], [ 876647.784741579554975, 1375099.000129830092192 ], [ 876656.939741579815745, 1375116.74832982942462 ], [ 876677.893741579726338, 1375158.640929829329252 ], [ 876686.256141579709947, 1375154.55212982930243 ], [ 876723.181341580115259, 1375134.841729830950499 ], [ 876733.579741579480469, 1375131.450729830190539 ], [ 876790.916141579858959, 1375116.868529830127954 ], [ 876821.336141579784453, 1375109.906329829245806 ], [ 876850.699941579252481, 1375103.999129829928279 ], [ 876857.558541580103338, 1375102.316329829394817 ], [ 876843.20254157949239, 1375054.823729829862714 ] ] ] ] } },
{ "type": "Feature", "properties": { "NOM_BARRIO": "SAN RAFAEL", "BARRIO": "023", "PK_BARRIO": "1541001023", "MUNICIPIO": "154", "SECTOR": "1", "CORREGIMIE": "001", "SHAPE_Leng": 1592.3839516, "SHAPE_Area": 61140.017423999998 }, "geometry": { "type": "MultiPolygon", "coordinates": [ [ [ [ 876656.939741579815745, 1375116.74832982942462 ], [ 876647.784741579554975, 1375099.000129830092192 ], [ 876630.303941579535604, 1375069.738329829648137 ], [ 876620.700141579844058, 1375052.033329829573631 ], [ 876619.657741579227149, 1375052.227529829367995 ], [ 876592.589541579596698, 1375057.376529829576612 ], [ 876565.521541579626501, 1375060.594929829239845 ], [ 876532.00854157935828, 1375062.525729829445481 ], [ 876526.8113415800035, 1375062.761729830875993 ], [ 876504.969941579736769, 1375068.341929830610752 ], [ 876494.699341579340398, 1375052.166929829865694 ], [ 876483.243541579693556, 1375026.918329829350114 ], [ 876479.160341579467058, 1375014.220329830422997 ], [ 876476.446341579779983, 1375004.733729830011725 ], [ 876475.283341580070555, 1374994.278929829597473 ], [ 876483.812941580079496, 1374993.698129830881953 ], [ 876484.897341579198837, 1374972.493129830807447 ], [ 876487.378741580061615, 1374943.994529830291867 ], [ 876490.286141579970717, 1374925.563729830086231 ], [ 876486.83554157987237, 1374924.26972983032465 ], [ 876484.265541579574347, 1374924.323129830881953 ], [ 876478.643741579726338, 1374925.606529830023646 ], [ 876474.842341579496861, 1374927.370929829776287 ], [ 876465.365541579201818, 1374929.295929830521345 ], [ 876461.778341579250991, 1374929.509929830208421 ], [ 876456.015941579826176, 1374928.357929829508066 ], [ 876452.737741579301655, 1374927.881729830056429 ], [ 876446.598541579209268, 1374927.643529830500484 ], [ 876441.293941579759121, 1374928.238929830491543 ], [ 876439.207741579972208, 1374928.953129829838872 ], [ 876437.002341579645872, 1374929.548529829829931 ], [ 876433.545341579243541, 1374929.429329829290509 ], [ 876426.670941580086946, 1374929.05692983046174 ], [ 876419.422141579911113, 1374929.264929829165339 ], [ 876417.880741579458117, 1374929.306529829278588 ], [ 876414.506341579370201, 1374930.59632983058691 ], [ 876411.756941579282284, 1374931.1371298301965 ], [ 876409.090741579420865, 1374931.261929830536246 ], [ 876402.360741579905152, 1374931.08952983096242 ], [ 876399.540741579607129, 1374931.172529829666018 ], [ 876396.0157415792346, 1374932.704929830506444 ], [ 876392.242141579277813, 1374934.899929830804467 ], [ 876387.265541579574347, 1374937.0121298301965 ], [ 876382.474741579964757, 1374939.123729830607772 ], [ 876379.123341579921544, 1374941.120129829272628 ], [ 876377.535941579379141, 1374943.527729829773307 ], [ 876376.301341579295695, 1374947.990329829975963 ], [ 876372.591741579584777, 1374957.359929829835892 ], [ 876370.865941579453647, 1374961.62812983058393 ], [ 876370.413741579279304, 1374963.269929829984903 ], [ 876368.430541579611599, 1374966.743929829448462 ], [ 876367.816941579803824, 1374967.484529830515385 ], [ 876366.819741579703987, 1374967.765329830348492 ], [ 876362.422141579911113, 1374967.918529830873013 ], [ 876349.142141579650342, 1374968.706529829651117 ], [ 876342.745141579769552, 1374968.706529829651117 ], [ 876341.155141579918563, 1374969.096129830926657 ], [ 876338.847941579297185, 1374969.661129830405116 ], [ 876333.186741579324007, 1374971.993529830127954 ], [ 876322.7809415794909, 1374976.546129830181599 ], [ 876308.406741579994559, 1374982.834929829463363 ], [ 876305.668941579759121, 1374983.17712982930243 ], [ 876302.880541579797864, 1374983.181729830801487 ], [ 876293.857141579501331, 1374982.83732983097434 ], [ 876289.934541579335928, 1374983.678129829466343 ], [ 876287.245541580021381, 1374984.87812983058393 ], [ 876285.128741580061615, 1374987.163529830053449 ], [ 876283.98434157948941, 1374988.934929830953479 ], [ 876283.516341580078006, 1374989.23312982916832 ], [ 876281.139941579662263, 1374990.380129830911756 ], [ 876277.812941580079496, 1374990.736129829660058 ], [ 876273.248741579242051, 1374990.843529829755425 ], [ 876270.666341579519212, 1374991.709729829803109 ], [ 876268.537141579203308, 1374992.595729829743505 ], [ 876266.032341579906642, 1374993.19992982968688 ], [ 876262.927141579799354, 1374992.892129831016064 ], [ 876259.285341579467058, 1374992.178129829466343 ], [ 876256.840741579420865, 1374990.992129830643535 ], [ 876254.178941579535604, 1374990.174129830673337 ], [ 876248.489941579289734, 1374989.422329830005765 ], [ 876218.700741579756141, 1374984.70692983083427 ], [ 876205.845541579648852, 1374982.994529830291867 ], [ 876201.220941579900682, 1374982.563529830425978 ], [ 876199.502941579557955, 1374983.177529830485582 ], [ 876197.473941579461098, 1374994.084129830822349 ], [ 876194.43014157935977, 1375000.171529829502106 ], [ 876186.567141579464078, 1375003.976129829883575 ], [ 876179.966341579332948, 1375005.592329829931259 ], [ 876171.602341579273343, 1375004.99072982929647 ], [ 876159.799141579307616, 1375004.141929829493165 ], [ 876150.549941579811275, 1375005.751729829236865 ], [ 876141.884541579522192, 1375007.259929830208421 ], [ 876135.266941579990089, 1375010.852329829707742 ], [ 876129.244141579605639, 1375014.1219298299402 ], [ 876120.36654157936573, 1375018.941129829734564 ], [ 876114.786541579291224, 1375023.506729830056429 ], [ 876103.455741579644382, 1375028.794929830357432 ], [ 876096.270541579462588, 1375030.101329829543829 ], [ 876085.110341579653323, 1375032.130529830232263 ], [ 876077.535141579806805, 1375032.141929829493165 ], [ 876059.602941580116749, 1375036.860929829999804 ], [ 876066.016541579738259, 1375060.122729830443859 ], [ 876076.452341579832137, 1375052.970329830422997 ], [ 876092.307141579687595, 1375047.277129830792546 ], [ 876111.290741579607129, 1375042.129329830408096 ], [ 876120.947741579264402, 1375039.603129830211401 ], [ 876122.809541579335928, 1375039.74072982929647 ], [ 876125.774741579778492, 1375040.49832982942462 ], [ 876130.264941579662263, 1375041.069929830729961 ], [ 876132.454141579568386, 1375041.033129829913378 ], [ 876146.834741579368711, 1375040.791729830205441 ], [ 876151.847541579976678, 1375039.679329829290509 ], [ 876157.974341579712927, 1375039.957329830154777 ], [ 876174.404941579326987, 1375043.016729829832911 ], [ 876185.683741579763591, 1375047.327729830518365 ], [ 876215.138941579498351, 1375054.081729829311371 ], [ 876216.256941579282284, 1375054.338129829615355 ], [ 876245.753341579809785, 1375060.318329829722643 ], [ 876272.810141579248011, 1375065.855529829859734 ], [ 876310.955941579304636, 1375079.587929829955101 ], [ 876337.095541579648852, 1375093.583529829978943 ], [ 876360.74994157999754, 1375107.296329829841852 ], [ 876374.805541579611599, 1375112.438529830425978 ], [ 876389.889541579410434, 1375114.152529830113053 ], [ 876404.287941579706967, 1375113.124129829928279 ], [ 876423.290741579607129, 1375111.433729829266667 ], [ 876439.846341579221189, 1375109.562129830941558 ], [ 876455.53814157936722, 1375111.289729829877615 ], [ 876476.268541580066085, 1375116.328329829499125 ], [ 876483.754341579973698, 1375121.966729830950499 ], [ 876488.682541579939425, 1375131.157129829749465 ], [ 876505.427341579459608, 1375189.116929830983281 ], [ 876507.888141579926014, 1375196.424929829314351 ], [ 876540.806741579435766, 1375191.992729829624295 ], [ 876582.567541579715908, 1375186.76072983071208 ], [ 876625.525741579942405, 1375176.894529830664396 ], [ 876665.883741579949856, 1375164.513329830020666 ], [ 876677.893741579726338, 1375158.640929829329252 ], [ 876656.939741579815745, 1375116.74832982942462 ] ] ] ] } },
{ "type": "Feature", "properties": { "NOM_BARRIO": "CENTENARIO", "BARRIO": "028", "PK_BARRIO": "1541001028", "MUNICIPIO": "154", "SECTOR": "1", "CORREGIMIE": "001", "SHAPE_Leng": 1197.01795653, "SHAPE_Area": 65090.2993603 }, "geometry": { "type": "MultiPolygon", "coordinates": [ [ [ [ 876476.268541580066085, 1375116.328329829499125 ], [ 876455.53814157936722, 1375111.289729829877615 ], [ 876439.846341579221189, 1375109.562129830941558 ], [ 876423.290741579607129, 1375111.433729829266667 ], [ 876404.287941579706967, 1375113.124129829928279 ], [ 876389.889541579410434, 1375114.152529830113053 ], [ 876374.805541579611599, 1375112.438529830425978 ], [ 876360.74994157999754, 1375107.296329829841852 ], [ 876337.095541579648852, 1375093.583529829978943 ], [ 876310.955941579304636, 1375079.587929829955101 ], [ 876272.810141579248011, 1375065.855529829859734 ], [ 876245.753341579809785, 1375060.318329829722643 ], [ 876216.256941579282284, 1375054.338129829615355 ], [ 876215.138941579498351, 1375054.081729829311371 ], [ 876185.683741579763591, 1375047.327729830518365 ], [ 876174.404941579326987, 1375043.016729829832911 ], [ 876157.974341579712927, 1375039.957329830154777 ], [ 876151.847541579976678, 1375039.679329829290509 ], [ 876146.834741579368711, 1375040.791729830205441 ], [ 876132.454141579568386, 1375041.033129829913378 ], [ 876130.264941579662263, 1375041.069929830729961 ], [ 876125.774741579778492, 1375040.49832982942462 ], [ 876122.809541579335928, 1375039.74072982929647 ], [ 876120.947741579264402, 1375039.603129830211401 ], [ 876111.290741579607129, 1375042.129329830408096 ], [ 876092.307141579687595, 1375047.277129830792546 ], [ 876076.452341579832137, 1375052.970329830422997 ], [ 876066.016541579738259, 1375060.122729830443859 ], [ 876066.616741579957306, 1375062.299129830673337 ], [ 876095.795141579583287, 1375172.099529830738902 ], [ 876097.705941579304636, 1375178.619529830291867 ], [ 876280.341741579584777, 1375226.327929830178618 ], [ 876327.76434157975018, 1375238.585929829627275 ], [ 876459.982341580092907, 1375272.761929830536246 ], [ 876518.289941580034792, 1375291.932929830625653 ], [ 876534.898141579702497, 1375296.959129830822349 ], [ 876517.886741579510272, 1375226.118929829448462 ], [ 876507.888141579926014, 1375196.424929829314351 ], [ 876505.427341579459608, 1375189.116929830983281 ], [ 876488.682541579939425, 1375131.157129829749465 ], [ 876483.754341579973698, 1375121.966729830950499 ], [ 876476.268541580066085, 1375116.328329829499125 ] ] ] ] } },
{ "type": "Feature", "properties": { "NOM_BARRIO": "LOMA FRESCA", "BARRIO": "027", "PK_BARRIO": "1541001027", "MUNICIPIO": "154", "SECTOR": "1", "CORREGIMIE": "001", "SHAPE_Leng": 1251.7927450699999, "SHAPE_Area": 59423.429171099997 }, "geometry": { "type": "MultiPolygon", "coordinates": [ [ [ [ 876626.800741579383612, 1375361.022529829293489 ], [ 876685.35794158000499, 1375343.950529830530286 ], [ 876765.108741579577327, 1375319.768529830500484 ], [ 876846.50854157935828, 1375293.605129830539227 ], [ 876896.52194157987833, 1375280.521329829469323 ], [ 876890.346941580064595, 1375246.882929829880595 ], [ 876878.169941579923034, 1375189.859329830855131 ], [ 876874.194541580043733, 1375171.067129829898477 ], [ 876871.279341579414904, 1375154.392529830336571 ], [ 876857.558541580103338, 1375102.316329829394817 ], [ 876850.699941579252481, 1375103.999129829928279 ], [ 876821.336141579784453, 1375109.906329829245806 ], [ 876790.916141579858959, 1375116.868529830127954 ], [ 876733.579741579480469, 1375131.450729830190539 ], [ 876723.181341580115259, 1375134.841729830950499 ], [ 876686.256141579709947, 1375154.55212982930243 ], [ 876677.893741579726338, 1375158.640929829329252 ], [ 876665.883741579949856, 1375164.513329830020666 ], [ 876625.525741579942405, 1375176.894529830664396 ], [ 876582.567541579715908, 1375186.76072983071208 ], [ 876540.806741579435766, 1375191.992729829624295 ], [ 876507.888141579926014, 1375196.424929829314351 ], [ 876517.886741579510272, 1375226.118929829448462 ], [ 876534.898141579702497, 1375296.959129830822349 ], [ 876542.044941579923034, 1375299.122129829600453 ], [ 876569.159141579642892, 1375304.87332982942462 ], [ 876590.754541579633951, 1375306.311329830437899 ], [ 876605.753341579809785, 1375304.379729829728603 ], [ 876613.305941579863429, 1375314.665529830381274 ], [ 876626.800741579383612, 1375361.022529829293489 ] ], [ [ 876653.537941579706967, 1375314.341329829767346 ], [ 876658.850741579197347, 1375313.741729829460382 ], [ 876661.845941579900682, 1375326.784329829737544 ], [ 876663.153341579250991, 1375332.476929830387235 ], [ 876664.635341580025852, 1375331.84632983058691 ], [ 876672.870941579341888, 1375328.342129830271006 ], [ 876672.498541579581797, 1375327.254129830747843 ], [ 876671.734941579401493, 1375325.023529829457402 ], [ 876671.18014157935977, 1375323.402129830792546 ], [ 876672.943741579540074, 1375322.962729830294847 ], [ 876676.57934157922864, 1375322.057129830121994 ], [ 876677.714541579596698, 1375325.580729831010103 ], [ 876678.435741580091417, 1375327.818929830566049 ], [ 876681.903141579590738, 1375338.579929830506444 ], [ 876676.903341579250991, 1375340.123929830268025 ], [ 876661.606941579841077, 1375344.905329830944538 ], [ 876661.701541579328477, 1375345.263129830360413 ], [ 876652.165741579607129, 1375348.073729829862714 ], [ 876640.557541579939425, 1375351.495329830795527 ], [ 876631.180741579271853, 1375353.866329830139875 ], [ 876629.667541579343379, 1375352.981529830023646 ], [ 876627.229341579601169, 1375343.948329830542207 ], [ 876626.059541579335928, 1375339.979329830035567 ], [ 876624.92834157962352, 1375336.141729829832911 ], [ 876625.091341579332948, 1375336.108729830011725 ], [ 876633.690341579727829, 1375334.367529829964042 ], [ 876635.62274158000946, 1375333.976129829883575 ], [ 876632.962541579268873, 1375325.028329830616713 ], [ 876632.358541579917073, 1375322.997129829600453 ], [ 876630.943741579540074, 1375318.238729830831289 ], [ 876642.242741580121219, 1375315.889129830524325 ], [ 876646.282741579227149, 1375315.335529830306768 ], [ 876649.502941579557955, 1375314.894129829481244 ], [ 876653.537941579706967, 1375314.341329829767346 ] ] ] ] } },
{ "type": "Feature", "properties": { "NOM_BARRIO": "KENNEDY", "BARRIO": "030", "PK_BARRIO": "1541001030", "MUNICIPIO": "154", "SECTOR": "1", "CORREGIMIE": "001", "SHAPE_Leng": 1104.1794415500001, "SHAPE_Area": 57784.171931899997 }, "geometry": { "type": "MultiPolygon", "coordinates": [ [ [ [ 876670.056941580027342, 1375502.93952983058989 ], [ 876674.976941579952836, 1375502.693929830566049 ], [ 876687.645741580054164, 1375503.67652983032167 ], [ 876714.847341579385102, 1375501.319329829886556 ], [ 876761.338941579684615, 1375496.099329829216003 ], [ 876818.580341579392552, 1375490.50452983006835 ], [ 876825.194541580043733, 1375488.81452983058989 ], [ 876827.348141579888761, 1375486.202929830178618 ], [ 876830.424541579559445, 1375478.675529830157757 ], [ 876834.423941579647362, 1375474.834929829463363 ], [ 876845.49914157949388, 1375473.605929829180241 ], [ 876921.875141579657793, 1375467.693929830566049 ], [ 876921.332341579720378, 1375429.980729829519987 ], [ 876915.449741579592228, 1375371.649529829621315 ], [ 876896.867141579277813, 1375282.401729829609394 ], [ 876896.52194157987833, 1375280.521329829469323 ], [ 876846.50854157935828, 1375293.605129830539227 ], [ 876765.108741579577327, 1375319.768529830500484 ], [ 876685.35794158000499, 1375343.950529830530286 ], [ 876626.800741579383612, 1375361.022529829293489 ], [ 876639.592541580088437, 1375404.965329829603434 ], [ 876533.175141579471529, 1375435.404929829761386 ], [ 876537.525941579602659, 1375466.869729829952121 ], [ 876537.337341579608619, 1375473.024329829961061 ], [ 876542.480741580016911, 1375519.228129830211401 ], [ 876543.817141579464078, 1375522.030329830944538 ], [ 876565.0309415794909, 1375519.575129829347134 ], [ 876593.325941579416394, 1375515.132729830220342 ], [ 876626.146541579626501, 1375511.169729830697179 ], [ 876661.938941579312086, 1375507.607329830527306 ], [ 876665.87494157999754, 1375505.519129829481244 ], [ 876670.056941580027342, 1375502.93952983058989 ] ] ] ] } },
{ "type": "Feature", "properties": { "NOM_BARRIO": "EL CENTRO", "BARRIO": "026", "PK_BARRIO": "1541001026", "MUNICIPIO": "154", "SECTOR": "1", "CORREGIMIE": "001", "SHAPE_Leng": 1761.2482366199999, "SHAPE_Area": 136581.25846700001 }, "geometry": { "type": "MultiPolygon", "coordinates": [ [ [ [ 877093.568941579200327, 1374986.435129830613732 ], [ 877082.878941579721868, 1374985.74412983097136 ], [ 877069.774141579866409, 1374988.194329829886556 ], [ 877047.957941579632461, 1374995.944529829546809 ], [ 877019.020941579714417, 1375002.569129830226302 ], [ 876951.508741579949856, 1375020.784129830077291 ], [ 876897.763741579838097, 1375035.532529830932617 ], [ 876841.769341579638422, 1375049.922529829666018 ], [ 876843.20254157949239, 1375054.823729829862714 ], [ 876857.558541580103338, 1375102.316329829394817 ], [ 876871.279341579414904, 1375154.392529830336571 ], [ 876874.194541580043733, 1375171.067129829898477 ], [ 876878.169941579923034, 1375189.859329830855131 ], [ 876890.346941580064595, 1375246.882929829880595 ], [ 876896.52194157987833, 1375280.521329829469323 ], [ 876896.867141579277813, 1375282.401729829609394 ], [ 876915.449741579592228, 1375371.649529829621315 ], [ 876921.332341579720378, 1375429.980729829519987 ], [ 876921.875141579657793, 1375467.693929830566049 ], [ 876973.034141579642892, 1375468.7773298304528 ], [ 876994.707741579972208, 1375471.48312982916832 ], [ 877032.390141579322517, 1375480.092129830271006 ], [ 877076.968741579912603, 1375494.604329830035567 ], [ 877126.194541580043733, 1375506.979929830878973 ], [ 877143.217341579496861, 1375513.30072982981801 ], [ 877178.572141579352319, 1375523.544729830697179 ], [ 877197.995541580021381, 1375530.30152983032167 ], [ 877219.309741579927504, 1375543.296329829841852 ], [ 877241.252141579985619, 1375558.91812982968986 ], [ 877264.715141579508781, 1375580.181129829958081 ], [ 877275.143141579814255, 1375589.51072983071208 ], [ 877287.262941579334438, 1375597.571129830554128 ], [ 877288.090941580012441, 1375596.162129830569029 ], [ 877288.744941580109298, 1375595.568129830062389 ], [ 877290.065941579639912, 1375594.368129830807447 ], [ 877289.672941579483449, 1375592.158129829913378 ], [ 877286.885941579937935, 1375588.87812983058393 ], [ 877284.975941579788923, 1375586.580129830166698 ], [ 877282.417941579595208, 1375582.830129830166698 ], [ 877279.274941579438746, 1375578.891129830852151 ], [ 877275.911941579543054, 1375575.040129829198122 ], [ 877273.113941580057144, 1375572.256129829213023 ], [ 877270.864941579289734, 1375569.413129830732942 ], [ 877267.949941579252481, 1375566.347129829227924 ], [ 877264.690941579639912, 1375563.3871298301965 ], [ 877260.895941579714417, 1375559.485129829496145 ], [ 877254.50094157923013, 1375553.144129829481244 ], [ 877251.659941579215229, 1375549.077129829674959 ], [ 877249.609941579401493, 1375546.135129829868674 ], [ 877247.692941579967737, 1375543.693129830062389 ], [ 877245.87494157999754, 1375541.459129830822349 ], [ 877244.013941579498351, 1375540.578129829838872 ], [ 877242.662941579706967, 1375540.464129829779267 ], [ 877242.5309415794909, 1375538.115129830315709 ], [ 877242.772941580042243, 1375535.30912983044982 ], [ 877241.891941579990089, 1375531.412129830569029 ], [ 877239.613941580057144, 1375528.031129829585552 ], [ 877237.853941579349339, 1375525.095129830762744 ], [ 877236.216941579245031, 1375520.819129830226302 ], [ 877235.563941579312086, 1375519.140129830688238 ], [ 877233.61694157961756, 1375515.32212983071804 ], [ 877230.807941579259932, 1375510.760129829868674 ], [ 877227.899941579438746, 1375508.728129830211401 ], [ 877225.353941579349339, 1375505.330129830166698 ], [ 877223.252941579557955, 1375501.023129830136895 ], [ 877222.450941579416394, 1375500.000129830092192 ], [ 877220.367941579781473, 1375496.389129830524325 ], [ 877216.274941579438746, 1375490.156129829585552 ], [ 877214.816941579803824, 1375485.282129829749465 ], [ 877214.998941579833627, 1375481.774129830300808 ], [ 877216.672941579483449, 1375479.730129830539227 ], [ 877218.541941579431295, 1375476.16812982968986 ], [ 877219.475941579788923, 1375470.828129829838872 ], [ 877218.104941579513252, 1375465.785129830241203 ], [ 877214.449941579252481, 1375459.536129830405116 ], [ 877210.342941579408944, 1375446.040129829198122 ], [ 877206.778941580094397, 1375436.514129830524325 ], [ 877202.552941579371691, 1375425.584129830822349 ], [ 877201.273941579274833, 1375419.346129830926657 ], [ 877197.557941579259932, 1375411.023129830136895 ], [ 877195.693941579200327, 1375403.475129829719663 ], [ 877194.473941579461098, 1375395.532129829749465 ], [ 877192.534941579215229, 1375389.575129829347134 ], [ 877189.871941579505801, 1375384.305129829794168 ], [ 877187.299941579811275, 1375377.86912983097136 ], [ 877185.920941580086946, 1375371.861129829660058 ], [ 877185.887941579334438, 1375363.938129829242826 ], [ 877185.243941579945385, 1375356.066129829734564 ], [ 877183.424941579811275, 1375350.743129830807447 ], [ 877182.844941579736769, 1375343.381129829213023 ], [ 877183.234941579401493, 1375329.624129829928279 ], [ 877183.368941579945385, 1375324.510129829868674 ], [ 877183.221941580064595, 1375321.113129829987884 ], [ 877183.254941579885781, 1375315.681129829958081 ], [ 877183.322941579855978, 1375310.443129830062389 ], [ 877180.793941579759121, 1375308.975129829719663 ], [ 877180.605941579677165, 1375305.557129830121994 ], [ 877180.634941579774022, 1375302.044129829853773 ], [ 877180.619941580109298, 1375298.757129829376936 ], [ 877180.61694157961756, 1375298.133129829540849 ], [ 877180.845941579900682, 1375292.627129830420017 ], [ 877181.368941579945385, 1375288.329129830002785 ], [ 877181.52194157987833, 1375282.383129829540849 ], [ 877181.480941579677165, 1375278.238129829987884 ], [ 877181.098941579461098, 1375274.274129830300808 ], [ 877178.840941580012441, 1375269.353129830211401 ], [ 877178.324941579252481, 1375265.141129830852151 ], [ 877178.104941579513252, 1375259.121129829436541 ], [ 877177.626941579394042, 1375254.088129829615355 ], [ 877176.291941579431295, 1375248.000129830092192 ], [ 877174.99194157961756, 1375245.031129829585552 ], [ 877173.253941579721868, 1375233.505129830911756 ], [ 877172.940941579639912, 1375230.499129829928279 ], [ 877173.885941579937935, 1375226.632129829376936 ], [ 877174.006941579282284, 1375223.102129830047488 ], [ 877172.34994157962501, 1375221.36912983097136 ], [ 877172.453941579908133, 1375218.032129829749465 ], [ 877170.00094157923013, 1375214.931129829958081 ], [ 877168.805941579863429, 1375208.330129830166698 ], [ 877168.334941579960287, 1375201.307129830121994 ], [ 877168.892941579222679, 1375198.959129830822349 ], [ 877168.135941579937935, 1375192.292129829525948 ], [ 877166.465941580012441, 1375185.91812982968986 ], [ 877165.161941579543054, 1375178.917129829525948 ], [ 877163.562941580079496, 1375173.457129830494523 ], [ 877163.406941579654813, 1375172.926129831001163 ], [ 877161.592941579408944, 1375171.036129830405116 ], [ 877159.156941579654813, 1375170.709129830822349 ], [ 877157.683941579423845, 1375168.048129830509424 ], [ 877156.050941579975188, 1375163.260129829868674 ], [ 877155.777941579930484, 1375160.854129830375314 ], [ 877153.960941579192877, 1375155.17512983083725 ], [ 877152.08694157935679, 1375145.860129829496145 ], [ 877150.415941579267383, 1375142.167129829525948 ], [ 877149.955941579304636, 1375138.688129829242826 ], [ 877151.138941579498351, 1375135.001129830256104 ], [ 877150.956941579468548, 1375130.517129831016064 ], [ 877147.367941579781473, 1375125.600129829719663 ], [ 877146.378941579721868, 1375121.860129829496145 ], [ 877146.11694157961756, 1375120.04312982968986 ], [ 877144.862941579893231, 1375118.97412982955575 ], [ 877141.743941579945385, 1375115.161129830405116 ], [ 877138.074941579252481, 1375109.612129829823971 ], [ 877137.519941579550505, 1375107.135129829868674 ], [ 877133.96194157935679, 1375096.269129829481244 ], [ 877129.498941579833627, 1375090.185129830613732 ], [ 877128.501941579394042, 1375086.09912982955575 ], [ 877127.87494157999754, 1375079.497129829600453 ], [ 877125.765941579826176, 1375071.381129829213023 ], [ 877123.268941579386592, 1375065.121129829436541 ], [ 877125.66394157987088, 1375063.985129829496145 ], [ 877127.563941579312086, 1375062.791129829362035 ], [ 877125.781941579654813, 1375055.519129829481244 ], [ 877123.95294157974422, 1375053.761129830032587 ], [ 877120.274941579438746, 1375052.924129830673337 ], [ 877117.589941579848528, 1375047.713129829615355 ], [ 877113.756941579282284, 1375040.717129830271006 ], [ 877113.643941579386592, 1375038.3871298301965 ], [ 877114.404941579326987, 1375036.931129829958081 ], [ 877115.377941579557955, 1375034.903129830956459 ], [ 877115.328941579908133, 1375032.179129829630256 ], [ 877113.71194157935679, 1375029.86912983097136 ], [ 877112.322941579855978, 1375027.151129830628633 ], [ 877110.995941579341888, 1375024.384129829704762 ], [ 877109.12494157999754, 1375020.004129830747843 ], [ 877106.87594157923013, 1375016.291129829362035 ], [ 877105.006941579282284, 1375012.723129829391837 ], [ 877103.110941579565406, 1375009.094129830598831 ], [ 877101.559941579587758, 1375003.384129829704762 ], [ 877098.831941579468548, 1374999.401129830628633 ], [ 877096.580941579304636, 1374993.068129830062389 ], [ 877095.318941579200327, 1374989.897129829972982 ], [ 877093.568941579200327, 1374986.435129830613732 ] ] ] ] } },
{ "type": "Feature", "properties": { "NOM_BARRIO": "EL PARAISO", "BARRIO": "033", "PK_BARRIO": "1541001033", "MUNICIPIO": "154", "SECTOR": "1", "CORREGIMIE": "001", "SHAPE_Leng": 1163.9149462800001, "SHAPE_Area": 80724.999282699995 }, "geometry": { "type": "MultiPolygon", "coordinates": [ [ [ [ 876562.58694157935679, 1375692.397329829633236 ], [ 876559.71814158000052, 1375668.794329829514027 ], [ 876557.317741579376161, 1375639.854729829356074 ], [ 876556.461541580036283, 1375607.357329830527306 ], [ 876555.034341579303145, 1375581.131329830735922 ], [ 876549.758741579949856, 1375539.948129830881953 ], [ 876547.26614157948643, 1375527.202729830518365 ], [ 876544.574141579680145, 1375523.618129830807447 ], [ 876543.817141579464078, 1375522.030329830944538 ], [ 876542.480741580016911, 1375519.228129830211401 ], [ 876537.337341579608619, 1375473.024329829961061 ], [ 876537.525941579602659, 1375466.869729829952121 ], [ 876533.175141579471529, 1375435.404929829761386 ], [ 876493.759741580113769, 1375446.679129829630256 ], [ 876424.234141579829156, 1375465.966729830950499 ], [ 876324.99234157986939, 1375488.061929829418659 ], [ 876269.527741579338908, 1375500.41052982956171 ], [ 876223.158941579982638, 1375510.583129830658436 ], [ 876191.691541579551995, 1375519.085129830986261 ], [ 876192.876141579821706, 1375523.46372983045876 ], [ 876230.603941579349339, 1375662.038329830393195 ], [ 876254.626141579821706, 1375749.1067298296839 ], [ 876272.417941579595208, 1375744.595129830762744 ], [ 876348.847341579385102, 1375726.165829829871655 ], [ 876397.96814158000052, 1375716.494529830291867 ], [ 876465.049341579899192, 1375701.629629829898477 ], [ 876482.052841579541564, 1375698.516329830512404 ], [ 876497.072741579264402, 1375696.818229829892516 ], [ 876516.910241579636931, 1375696.818229829892516 ], [ 876536.74774158000946, 1375694.837029829621315 ], [ 876562.58694157935679, 1375692.397329829633236 ] ] ] ] } },
{ "type": "Feature", "properties": { "NOM_BARRIO": "SAN MIGUEL", "BARRIO": "032", "PK_BARRIO": "1541001032", "MUNICIPIO": "154", "SECTOR": "1", "CORREGIMIE": "001", "SHAPE_Leng": 1590.1418870800001, "SHAPE_Area": 90904.505934500005 }, "geometry": { "type": "MultiPolygon", "coordinates": [ [ [ [ 876688.78814157936722, 1375861.744729829952121 ], [ 876690.721941580064595, 1375858.982129830867052 ], [ 876703.123141579329967, 1375850.064429830759764 ], [ 876707.860741579905152, 1375841.704029830172658 ], [ 876704.6559415794909, 1375836.9665298294276 ], [ 876701.869141579605639, 1375828.884829830378294 ], [ 876712.737641579471529, 1375826.934029830619693 ], [ 876711.483541579917073, 1375818.713029829785228 ], [ 876724.302841579541564, 1375817.73762983083725 ], [ 876729.458341579884291, 1375816.204829830676317 ], [ 876730.872441579587758, 1375813.137329829856753 ], [ 876730.380241579376161, 1375799.025829829275608 ], [ 876729.231641579419374, 1375783.929729830473661 ], [ 876727.426641579717398, 1375760.137029830366373 ], [ 876744.475841579958797, 1375757.153429830446839 ], [ 876739.755541579797864, 1375727.779929829761386 ], [ 876733.88934157975018, 1375685.460729829967022 ], [ 876734.017741579562426, 1375678.029129829257727 ], [ 876735.080341579392552, 1375671.296929830685258 ], [ 876763.24954157974571, 1375681.661529829725623 ], [ 876814.769541579298675, 1375701.650529829785228 ], [ 876858.630541579797864, 1375715.436529830098152 ], [ 876883.969341579824686, 1375650.062729829922318 ], [ 876897.166541580110788, 1375615.794329829514027 ], [ 876914.76434157975018, 1375555.419929830357432 ], [ 876920.202141579240561, 1375523.253729829564691 ], [ 876921.875141579657793, 1375467.693929830566049 ], [ 876845.49914157949388, 1375473.605929829180241 ], [ 876834.423941579647362, 1375474.834929829463363 ], [ 876830.424541579559445, 1375478.675529830157757 ], [ 876827.348141579888761, 1375486.202929830178618 ], [ 876825.194541580043733, 1375488.81452983058989 ], [ 876818.580341579392552, 1375490.50452983006835 ], [ 876761.338941579684615, 1375496.099329829216003 ], [ 876714.847341579385102, 1375501.319329829886556 ], [ 876687.645741580054164, 1375503.67652983032167 ], [ 876674.976941579952836, 1375502.693929830566049 ], [ 876670.056941580027342, 1375502.93952983058989 ], [ 876665.87494157999754, 1375505.519129829481244 ], [ 876661.938941579312086, 1375507.607329830527306 ], [ 876626.146541579626501, 1375511.169729830697179 ], [ 876593.325941579416394, 1375515.132729830220342 ], [ 876565.0309415794909, 1375519.575129829347134 ], [ 876543.817141579464078, 1375522.030329830944538 ], [ 876544.574141579680145, 1375523.618129830807447 ], [ 876547.26614157948643, 1375527.202729830518365 ], [ 876549.758741579949856, 1375539.948129830881953 ], [ 876555.034341579303145, 1375581.131329830735922 ], [ 876556.461541580036283, 1375607.357329830527306 ], [ 876557.317741579376161, 1375639.854729829356074 ], [ 876559.71814158000052, 1375668.794329829514027 ], [ 876562.58694157935679, 1375692.397329829633236 ], [ 876568.229141579940915, 1375734.940329829230905 ], [ 876570.485941579565406, 1375746.209929829463363 ], [ 876576.128141579218209, 1375765.931729830801487 ], [ 876604.695141579955816, 1375761.103729829192162 ], [ 876603.154941579326987, 1375741.741929830983281 ], [ 876612.963741580024362, 1375740.961729830130935 ], [ 876632.870541580021381, 1375746.542329829186201 ], [ 876631.138941579498351, 1375756.634329829365015 ], [ 876625.906741579994559, 1375788.315729830414057 ], [ 876624.551741579547524, 1375792.878729829564691 ], [ 876623.080741579644382, 1375795.643929829820991 ], [ 876622.648141579702497, 1375800.915329830721021 ], [ 876620.362941579893231, 1375823.074129829183221 ], [ 876619.493141579441726, 1375831.064329830929637 ], [ 876617.406141580082476, 1375838.707129830494523 ], [ 876615.145141579210758, 1375849.129329830408096 ], [ 876614.275541579350829, 1375859.030129829421639 ], [ 876613.393141579814255, 1375871.882529830560088 ], [ 876611.812941580079496, 1375880.988129829987884 ], [ 876609.867941579781473, 1375892.157529830932617 ], [ 876610.23254157975316, 1375897.499329829588532 ], [ 876611.222541579976678, 1375901.512529829517007 ], [ 876614.846341579221189, 1375898.788529830053449 ], [ 876619.149741579778492, 1375897.205129830166698 ], [ 876637.269341579638422, 1375891.210729829967022 ], [ 876654.91394157987088, 1375881.072329830378294 ], [ 876679.63934157975018, 1375867.226929830387235 ], [ 876688.78814157936722, 1375861.744729829952121 ] ] ] ] } },
{ "type": "Feature", "properties": { "NOM_BARRIO": "LAS GAVIOTAS", "BARRIO": "034", "PK_BARRIO": "1541001034", "MUNICIPIO": "154", "SECTOR": "1", "CORREGIMIE": "001", "SHAPE_Leng": 1156.43835218, "SHAPE_Area": 65803.455747800021 }, "geometry": { "type": "MultiPolygon", "coordinates": [ [ [ [ 876572.044541579671204, 1375912.337729830294847 ], [ 876579.133341579698026, 1375910.921729829162359 ], [ 876588.652341580018401, 1375910.921729829162359 ], [ 876597.563741579651833, 1375910.517129831016064 ], [ 876602.456541579216719, 1375908.439729830250144 ], [ 876610.209541579708457, 1375902.274129830300808 ], [ 876611.222541579976678, 1375901.512529829517007 ], [ 876610.23254157975316, 1375897.499329829588532 ], [ 876609.867941579781473, 1375892.157529830932617 ], [ 876611.812941580079496, 1375880.988129829987884 ], [ 876613.393141579814255, 1375871.882529830560088 ], [ 876614.275541579350829, 1375859.030129829421639 ], [ 876615.145141579210758, 1375849.129329830408096 ], [ 876617.406141580082476, 1375838.707129830494523 ], [ 876619.493141579441726, 1375831.064329830929637 ], [ 876620.362941579893231, 1375823.074129829183221 ], [ 876622.648141579702497, 1375800.915329830721021 ], [ 876623.080741579644382, 1375795.643929829820991 ], [ 876624.551741579547524, 1375792.878729829564691 ], [ 876625.906741579994559, 1375788.315729830414057 ], [ 876631.138941579498351, 1375756.634329829365015 ], [ 876632.870541580021381, 1375746.542329829186201 ], [ 876612.963741580024362, 1375740.961729830130935 ], [ 876603.154941579326987, 1375741.741929830983281 ], [ 876604.695141579955816, 1375761.103729829192162 ], [ 876576.128141579218209, 1375765.931729830801487 ], [ 876570.485941579565406, 1375746.209929829463363 ], [ 876568.229141579940915, 1375734.940329829230905 ], [ 876562.58694157935679, 1375692.397329829633236 ], [ 876536.74774158000946, 1375694.837129829451442 ], [ 876516.910341579467058, 1375696.818329829722643 ], [ 876497.072741579264402, 1375696.818329829722643 ], [ 876482.052941579371691, 1375698.516329830512404 ], [ 876465.049341579899192, 1375701.629729829728603 ], [ 876397.96814158000052, 1375716.494529830291867 ], [ 876348.847341579385102, 1375726.165929829701781 ], [ 876272.417941579595208, 1375744.595129830762744 ], [ 876254.626141579821706, 1375749.1067298296839 ], [ 876268.493941579945385, 1375799.370129829272628 ], [ 876279.691941579803824, 1375840.999129829928279 ], [ 876284.433541580103338, 1375859.247729830443859 ], [ 876288.041341579519212, 1375872.99072982929647 ], [ 876295.258941579610109, 1375900.099329829216003 ], [ 876297.910141579806805, 1375911.266129830852151 ], [ 876299.093741579912603, 1375917.296929830685258 ], [ 876315.677941579371691, 1375914.100729830563068 ], [ 876323.970141579397023, 1375911.122329829260707 ], [ 876343.169541579671204, 1375910.372329829260707 ], [ 876353.419741579331458, 1375911.416929829865694 ], [ 876388.354141579940915, 1375908.492129830643535 ], [ 876407.181141579523683, 1375909.536729829385877 ], [ 876423.916341579519212, 1375912.879329830408096 ], [ 876435.152141579426825, 1375914.045729830861092 ], [ 876452.603941579349339, 1375913.328129829838872 ], [ 876471.698341580107808, 1375909.124529829248786 ], [ 876507.596941580064595, 1375901.421529829502106 ], [ 876527.200541580095887, 1375895.883129829540849 ], [ 876529.134941579774022, 1375901.807929830625653 ], [ 876534.052741579711437, 1375925.7925298307091 ], [ 876535.881341579370201, 1375932.069929830729961 ], [ 876537.709741579368711, 1375935.950329830870032 ], [ 876547.740541579201818, 1375928.519329831004143 ], [ 876560.500141579657793, 1375917.697929829359055 ], [ 876565.360941579565406, 1375914.259129829704762 ], [ 876572.044541579671204, 1375912.337729830294847 ] ] ] ] } },
{ "type": "Feature", "properties": { "NOM_BARRIO": "SANTA ELENA", "BARRIO": "037", "PK_BARRIO": "1541001037", "MUNICIPIO": "154", "SECTOR": "1", "CORREGIMIE": "001", "SHAPE_Leng": 919.60317015299995, "SHAPE_Area": 44092.366815000001 }, "geometry": { "type": "MultiPolygon", "coordinates": [ [ [ [ 875989.816741579212248, 1375855.226729830726981 ], [ 875908.35934157948941, 1375850.492129830643535 ], [ 875842.582741579972208, 1375853.549129830673337 ], [ 875834.954941580072045, 1375853.830529829487205 ], [ 875810.08514157962054, 1375854.748129829764366 ], [ 875802.153541579842567, 1375853.549129830673337 ], [ 875768.997541579417884, 1375854.882129829376936 ], [ 875770.12494157999754, 1375857.93472982943058 ], [ 875771.969941579736769, 1375862.930329829454422 ], [ 875779.852541579864919, 1375885.824529830366373 ], [ 875781.204541579820216, 1375897.166929829865694 ], [ 875782.0157415792346, 1375909.58952983096242 ], [ 875780.934141580015421, 1375921.472129829227924 ], [ 875780.122941579669714, 1375932.004329830408096 ], [ 875781.800341580063105, 1375939.692729830741882 ], [ 875785.852941580116749, 1375945.018129829317331 ], [ 875791.611741580069065, 1375949.065329829230905 ], [ 875802.062941580079496, 1375964.828329829499125 ], [ 875811.87414157949388, 1375988.259729830548167 ], [ 875815.360741579905152, 1376015.374129829928279 ], [ 875865.854741579852998, 1376006.679529830813408 ], [ 875949.025341579690576, 1375993.460529830306768 ], [ 876113.408941579982638, 1375968.677329830825329 ], [ 876106.174741579219699, 1375907.983529830351472 ], [ 876104.46054157987237, 1375859.531129829585552 ], [ 875989.816741579212248, 1375855.226729830726981 ] ] ] ] } },
{ "type": "Feature", "properties": { "NOM_BARRIO": "CORREA GARZON", "BARRIO": "039", "PK_BARRIO": "1541001039", "MUNICIPIO": "154", "SECTOR": "1", "CORREGIMIE": "001", "SHAPE_Leng": 1113.90113619, "SHAPE_Area": 59412.518420200002 }, "geometry": { "type": "MultiPolygon", "coordinates": [ [ [ [ 876991.454741579480469, 1375858.845329830422997 ], [ 876922.388141579926014, 1375831.585929829627275 ], [ 876917.873141579329967, 1375829.804129829630256 ], [ 876919.042441579513252, 1375826.7925298307091 ], [ 876927.563341579400003, 1375804.845729829743505 ], [ 876944.51474158000201, 1375749.953529831022024 ], [ 876939.377941579557955, 1375746.362529831007123 ], [ 876926.022341579198837, 1375740.719329830259085 ], [ 876892.119541579857469, 1375730.459129830822349 ], [ 876858.630541579797864, 1375715.436529830098152 ], [ 876814.769541579298675, 1375701.650529829785228 ], [ 876763.24954157974571, 1375681.661529829725623 ], [ 876735.080341579392552, 1375671.296929830685258 ], [ 876734.017741579562426, 1375678.029129829257727 ], [ 876733.88934157975018, 1375685.460729829967022 ], [ 876739.755541579797864, 1375727.779929829761386 ], [ 876745.723941579461098, 1375764.919929830357432 ], [ 876748.937941580079496, 1375791.513929830864072 ], [ 876752.678941579535604, 1375821.930929830297828 ], [ 876754.245741579681635, 1375834.669329829514027 ], [ 876755.616741579957306, 1375859.316929830238223 ], [ 876756.073741579428315, 1375874.835729829967022 ], [ 876755.887741579674184, 1375891.532329829409719 ], [ 876753.660341579467058, 1375914.383929830044508 ], [ 876752.647941580042243, 1375923.484129829332232 ], [ 876744.850541579537094, 1375970.011729830875993 ], [ 876741.175941579975188, 1375997.536129830405116 ], [ 876785.351341580040753, 1375994.73932982981205 ], [ 876805.295341579243541, 1375996.767529830336571 ], [ 876819.595941579900682, 1376001.837129829451442 ], [ 876824.816941579803824, 1376004.157529830932617 ], [ 876821.974141580052674, 1376010.319329829886556 ], [ 876840.420341579243541, 1376018.82972983084619 ], [ 876840.991741579957306, 1376018.241929830983281 ], [ 876848.68734157923609, 1376023.266529830172658 ], [ 876890.188141579739749, 1376038.272929830476642 ], [ 876920.997941579669714, 1375979.849329829216003 ], [ 876928.843541579321027, 1375983.461329830810428 ], [ 876935.370541580021381, 1375970.539529830217361 ], [ 876936.44354157987982, 1375971.069929830729961 ], [ 876946.020541579462588, 1375952.813729830086231 ], [ 876961.50714157987386, 1375925.920329829677939 ], [ 876954.755741579458117, 1375922.337129829451442 ], [ 876970.14834157936275, 1375899.667929830029607 ], [ 876977.480941579677165, 1375885.83952983096242 ], [ 876980.802141579799354, 1375887.773729830980301 ], [ 876984.947541579604149, 1375879.722329830750823 ], [ 876992.333141579292715, 1375865.673129830509424 ], [ 876994.846141579560935, 1375860.183729829266667 ], [ 876991.454741579480469, 1375858.845329830422997 ] ] ] ] } },
{ "type": "Feature", "properties": { "NOM_BARRIO": "LA YE", "BARRIO": "038", "PK_BARRIO": "1541001038", "MUNICIPIO": "154", "SECTOR": "1", "CORREGIMIE": "001", "SHAPE_Leng": 1925.69379503, "SHAPE_Area": 94476.689946700004 }, "geometry": { "type": "MultiPolygon", "coordinates": [ [ [ [ 876744.850541579537094, 1375970.011729830875993 ], [ 876752.647941580042243, 1375923.484129829332232 ], [ 876753.660341579467058, 1375914.383929830044508 ], [ 876755.887741579674184, 1375891.532329829409719 ], [ 876756.073741579428315, 1375874.835729829967022 ], [ 876755.616741579957306, 1375859.316929830238223 ], [ 876754.245741579681635, 1375834.669329829514027 ], [ 876752.678941579535604, 1375821.930929830297828 ], [ 876748.937941580079496, 1375791.513929830864072 ], [ 876745.723941579461098, 1375764.919929830357432 ], [ 876744.475841579958797, 1375757.153429830446839 ], [ 876727.426641579717398, 1375760.137029830366373 ], [ 876729.231641579419374, 1375783.929729830473661 ], [ 876730.380241579376161, 1375799.025829829275608 ], [ 876730.872441579587758, 1375813.137329829856753 ], [ 876729.458341579884291, 1375816.204829830676317 ], [ 876724.302841579541564, 1375817.73762983083725 ], [ 876711.483541579917073, 1375818.713029829785228 ], [ 876712.737641579471529, 1375826.934029830619693 ], [ 876701.869141579605639, 1375828.884829830378294 ], [ 876704.6559415794909, 1375836.9665298294276 ], [ 876707.860741579905152, 1375841.704029830172658 ], [ 876703.123141579329967, 1375850.064429830759764 ], [ 876690.721941580064595, 1375858.982129830867052 ], [ 876688.78814157936722, 1375861.744729829952121 ], [ 876679.63934157975018, 1375867.226929830387235 ], [ 876654.91394157987088, 1375881.072329830378294 ], [ 876637.269341579638422, 1375891.210729829967022 ], [ 876619.149741579778492, 1375897.205129830166698 ], [ 876614.846341579221189, 1375898.788529830053449 ], [ 876611.222541579976678, 1375901.512529829517007 ], [ 876610.209541579708457, 1375902.274129830300808 ], [ 876602.456541579216719, 1375908.439729830250144 ], [ 876597.563741579651833, 1375910.517129831016064 ], [ 876588.652341580018401, 1375910.921729829162359 ], [ 876579.133341579698026, 1375910.921729829162359 ], [ 876572.044541579671204, 1375912.337729830294847 ], [ 876565.360941579565406, 1375914.259129829704762 ], [ 876560.500141579657793, 1375917.697929829359055 ], [ 876547.740541579201818, 1375928.519329831004143 ], [ 876537.709741579368711, 1375935.950329830870032 ], [ 876535.881341579370201, 1375932.069929830729961 ], [ 876534.052741579711437, 1375925.7925298307091 ], [ 876529.134941579774022, 1375901.807929830625653 ], [ 876527.200541580095887, 1375895.883129829540849 ], [ 876507.596941580064595, 1375901.421529829502106 ], [ 876471.698341580107808, 1375909.124529829248786 ], [ 876452.603941579349339, 1375913.328129829838872 ], [ 876435.152141579426825, 1375914.045729830861092 ], [ 876423.916341579519212, 1375912.879329830408096 ], [ 876407.181141579523683, 1375909.536729829385877 ], [ 876388.354141579940915, 1375908.492129830643535 ], [ 876353.419741579331458, 1375911.416929829865694 ], [ 876343.169541579671204, 1375910.372329829260707 ], [ 876323.970141579397023, 1375911.122329829260707 ], [ 876315.677941579371691, 1375914.100729830563068 ], [ 876299.093741579912603, 1375917.296929830685258 ], [ 876297.910141579806805, 1375911.266129830852151 ], [ 876295.258941579610109, 1375900.099329829216003 ], [ 876288.041341579519212, 1375872.99072982929647 ], [ 876284.433541580103338, 1375859.247729830443859 ], [ 876279.691941579803824, 1375840.999129829928279 ], [ 876253.173341579735279, 1375847.484929829835892 ], [ 876186.33554157987237, 1375857.75452983006835 ], [ 876130.320141579955816, 1375859.961529830470681 ], [ 876104.46054157987237, 1375859.531129829585552 ], [ 876106.174741579219699, 1375907.983529830351472 ], [ 876113.408941579982638, 1375968.677329830825329 ], [ 876124.607141579501331, 1376062.630129830911756 ], [ 876126.028741579502821, 1376067.655529830604792 ], [ 876151.368941579945385, 1376065.097529830411077 ], [ 876195.766341580078006, 1376059.619529830291867 ], [ 876196.918141579255462, 1376059.44092983007431 ], [ 876215.198341580107808, 1376056.605929829180241 ], [ 876316.419141579419374, 1376044.941929830238223 ], [ 876352.322941579855978, 1376040.804529830813408 ], [ 876517.034941579215229, 1376019.367129830643535 ], [ 876566.304741580039263, 1376011.427729830145836 ], [ 876605.115341579541564, 1376004.024129830300808 ], [ 876654.82794157974422, 1376000.539929829537868 ], [ 876705.412741580046713, 1375999.233329830691218 ], [ 876741.175941579975188, 1375997.536129830405116 ], [ 876744.850541579537094, 1375970.011729830875993 ] ] ] ] } },
{ "type": "Feature", "properties": { "NOM_BARRIO": "PEDRO DE VALDIVIA", "BARRIO": "043", "PK_BARRIO": "1541001043", "MUNICIPIO": "154", "SECTOR": "1", "CORREGIMIE": "001", "SHAPE_Leng": 976.56251284500001, "SHAPE_Area": 49476.2697252 }, "geometry": { "type": "MultiPolygon", "coordinates": [ [ [ [ 876382.321741580031812, 1376305.458129830658436 ], [ 876361.70294157974422, 1376142.529529830440879 ], [ 876332.631541579961777, 1376144.982929829508066 ], [ 876324.379541579633951, 1376095.939929829910398 ], [ 876316.419141579419374, 1376044.941929830238223 ], [ 876215.198341580107808, 1376056.605929829180241 ], [ 876196.918141579255462, 1376059.44092983007431 ], [ 876216.401941579766572, 1376210.430529830977321 ], [ 876230.728141579777002, 1376355.562529830262065 ], [ 876237.899941579438746, 1376379.039529830217361 ], [ 876247.063741579651833, 1376399.333129830658436 ], [ 876359.819541580043733, 1376385.803929829970002 ], [ 876387.135141579434276, 1376380.152729829773307 ], [ 876388.278141579590738, 1376374.444529829546809 ], [ 876387.300341580063105, 1376358.820729829370975 ], [ 876382.321741580031812, 1376305.458129830658436 ] ] ] ] } },
{ "type": "Feature", "properties": { "NOM_BARRIO": "EL BOSQUE", "BARRIO": "040", "PK_BARRIO": "1541001040", "MUNICIPIO": "154", "SECTOR": "1", "CORREGIMIE": "001", "SHAPE_Leng": 1295.71512611, "SHAPE_Area": 64936.695628200003 }, "geometry": { "type": "MultiPolygon", "coordinates": [ [ [ [ 876655.72534157987684, 1376408.098329830914736 ], [ 876669.190541579388082, 1376365.662929829210043 ], [ 876669.431141579523683, 1376364.905129829421639 ], [ 876674.988341579213738, 1376365.10812982916832 ], [ 876682.334541579708457, 1376365.383129829540849 ], [ 876685.165341579355299, 1376365.488929830491543 ], [ 876686.992141579277813, 1376365.557329829782248 ], [ 876690.106941579841077, 1376365.673929831013083 ], [ 876697.679941579699516, 1376365.965529829263687 ], [ 876699.182141579687595, 1376366.023529829457402 ], [ 876704.129141579382122, 1376366.279329830780625 ], [ 876708.448741579428315, 1376366.502929830923676 ], [ 876711.671941579319537, 1376366.669729830697179 ], [ 876719.43594157975167, 1376367.493329830467701 ], [ 876727.412341579794884, 1376368.180729830637574 ], [ 876735.288341579958797, 1376368.836929829791188 ], [ 876739.411741579882801, 1376369.194129830226302 ], [ 876742.754741579294205, 1376369.483729830011725 ], [ 876746.291941579431295, 1376369.828329829499125 ], [ 876750.110341579653323, 1376370.200329830870032 ], [ 876756.210741579532623, 1376370.739129830151796 ], [ 876762.27954158000648, 1376371.275129830464721 ], [ 876768.052341579459608, 1376371.804929830133915 ], [ 876774.751941579394042, 1376372.419929830357432 ], [ 876777.657141579315066, 1376372.686729829758406 ], [ 876780.471341579221189, 1376372.944929830729961 ], [ 876787.260741579346359, 1376373.568129830062389 ], [ 876787.751141579821706, 1376368.30012983083725 ], [ 876788.365741579793394, 1376361.696129830554128 ], [ 876789.485541579313576, 1376356.515129830688238 ], [ 876790.134941579774022, 1376349.700129829347134 ], [ 876790.691341579891741, 1376343.859929829835892 ], [ 876791.487741579301655, 1376343.954529829323292 ], [ 876792.480141580104828, 1376339.413929829373956 ], [ 876793.53894157987088, 1376334.569329829886556 ], [ 876794.743541579693556, 1376329.057529829442501 ], [ 876795.593941579572856, 1376325.59912982955575 ], [ 876796.232341580092907, 1376323.003729829564691 ], [ 876797.396141579374671, 1376317.780529830604792 ], [ 876798.823541579768062, 1376311.810729829594493 ], [ 876800.144141579978168, 1376306.288529830053449 ], [ 876801.299341579899192, 1376301.457929830998182 ], [ 876802.642341579310596, 1376295.762929830700159 ], [ 876803.938741579651833, 1376290.265929829329252 ], [ 876805.582341579720378, 1376284.311329830437899 ], [ 876806.368541579693556, 1376281.78632983006537 ], [ 876807.347941579297185, 1376278.641129830852151 ], [ 876809.481541579589248, 1376271.789329830557108 ], [ 876811.201341579668224, 1376266.266329830512404 ], [ 876812.337941579520702, 1376264.782929830253124 ], [ 876812.459541579708457, 1376264.408529829233885 ], [ 876815.152141579426825, 1376256.106129830703139 ], [ 876805.071341579779983, 1376252.730929829180241 ], [ 876794.689541579224169, 1376248.432129830121994 ], [ 876788.371141579933465, 1376245.81592983007431 ], [ 876784.323341580107808, 1376244.160129830241203 ], [ 876773.994141579605639, 1376239.934529829770327 ], [ 876774.365541579201818, 1376238.674129830673337 ], [ 876770.586341579444706, 1376237.404729830101132 ], [ 876763.020141579210758, 1376234.863729830831289 ], [ 876764.476341580040753, 1376230.317929830402136 ], [ 876765.688541579991579, 1376226.534129830077291 ], [ 876767.840141579508781, 1376219.828129829838872 ], [ 876770.083741579204798, 1376212.835129830986261 ], [ 876772.449741579592228, 1376205.461329830810428 ], [ 876771.816941579803824, 1376205.265529830008745 ], [ 876773.895541579462588, 1376198.193529829382896 ], [ 876796.392941579222679, 1376117.464929830282927 ], [ 876807.573541579768062, 1376093.062129830941558 ], [ 876811.422741579823196, 1376084.711529830470681 ], [ 876815.931541579775512, 1376074.929929830133915 ], [ 876818.715941580012441, 1376069.179929830133915 ], [ 876822.916341579519212, 1376060.505329830572009 ], [ 876826.432541579939425, 1376053.365329829975963 ], [ 876834.06274157948792, 1376037.8719298299402 ], [ 876826.00714157987386, 1376033.563529830425978 ], [ 876831.003141579218209, 1376028.424329830333591 ], [ 876839.93014157935977, 1376019.241329830139875 ], [ 876840.420341579243541, 1376018.82972983084619 ], [ 876821.974141580052674, 1376010.319329829886556 ], [ 876824.816941579803824, 1376004.157529830932617 ], [ 876819.595941579900682, 1376001.837129829451442 ], [ 876805.295341579243541, 1375996.767529830336571 ], [ 876785.351341580040753, 1375994.73932982981205 ], [ 876741.175941579975188, 1375997.536129830405116 ], [ 876723.431341580115259, 1376040.249929830431938 ], [ 876702.773541579954326, 1376074.927529830485582 ], [ 876680.797141579911113, 1376110.044129829853773 ], [ 876644.120941579341888, 1376175.968329830095172 ], [ 876600.850741579197347, 1376245.198929829522967 ], [ 876522.001141579821706, 1376373.075329830870032 ], [ 876514.512741579674184, 1376385.514729829505086 ], [ 876523.574341579340398, 1376388.236929830163717 ], [ 876523.991141580045223, 1376387.302729830145836 ], [ 876590.125141579657793, 1376403.981529830023646 ], [ 876609.371341579593718, 1376408.62052983045578 ], [ 876621.799941579811275, 1376410.974729830399156 ], [ 876624.967941579408944, 1376411.57492982968688 ], [ 876653.64874157961458, 1376414.642529830336571 ], [ 876655.72534157987684, 1376408.098329830914736 ] ] ] ] } },
{ "type": "Feature", "properties": { "NOM_BARRIO": "SANTO DOMINGO", "BARRIO": "044", "PK_BARRIO": "1541001044", "MUNICIPIO": "154", "SECTOR": "1", "CORREGIMIE": "001", "SHAPE_Leng": 1374.08356957, "SHAPE_Area": 36350.61237860001 }, "geometry": { "type": "MultiPolygon", "coordinates": [ [ [ [ 876458.133941579610109, 1376429.683129830285907 ], [ 876461.211141579784453, 1376429.154729830101132 ], [ 876460.444541580043733, 1376423.999929830431938 ], [ 876452.761941580101848, 1376424.805529830977321 ], [ 876431.081541579216719, 1376427.078329829499125 ], [ 876408.177541580051184, 1376427.952529830858111 ], [ 876380.980741580016911, 1376426.252129830420017 ], [ 876381.10794158000499, 1376413.504329830408096 ], [ 876386.648541579954326, 1376382.58192983083427 ], [ 876387.135141579434276, 1376380.152729829773307 ], [ 876359.819541580043733, 1376385.803929829970002 ], [ 876247.063741579651833, 1376399.333129830658436 ], [ 876237.899941579438746, 1376379.039529830217361 ], [ 876230.728141579777002, 1376355.562529830262065 ], [ 876216.401941579766572, 1376210.430529830977321 ], [ 876196.918141579255462, 1376059.44092983007431 ], [ 876195.766341580078006, 1376059.619529830291867 ], [ 876151.368941579945385, 1376065.097529830411077 ], [ 876126.028741579502821, 1376067.655529830604792 ], [ 876130.285941579379141, 1376082.706729829311371 ], [ 876133.362941579893231, 1376105.007929829880595 ], [ 876131.715341580100358, 1376105.193329829722643 ], [ 876127.23474157974124, 1376105.697929829359055 ], [ 876127.276941579766572, 1376106.980129830539227 ], [ 876126.435341579839587, 1376107.106329830363393 ], [ 876127.774541580118239, 1376119.716329829767346 ], [ 876128.434541579335928, 1376125.931129829958081 ], [ 876129.325341579504311, 1376125.867729829624295 ], [ 876130.323141579516232, 1376135.868729829788208 ], [ 876130.897741579450667, 1376141.629729829728603 ], [ 876132.435541579499841, 1376155.047329830005765 ], [ 876133.089941579848528, 1376160.758729830384254 ], [ 876134.012941579334438, 1376168.775329830124974 ], [ 876135.234541580080986, 1376179.385129829868674 ], [ 876136.200341579504311, 1376187.774329829961061 ], [ 876137.07034157961607, 1376194.589729830622673 ], [ 876137.829141579568386, 1376200.53552982956171 ], [ 876138.43594157975167, 1376205.288129830732942 ], [ 876139.068141579627991, 1376210.242129830643535 ], [ 876138.300341580063105, 1376210.32352983020246 ], [ 876139.051941579207778, 1376217.692529829218984 ], [ 876137.473741579800844, 1376217.862329829484224 ], [ 876138.39834157936275, 1376224.825729830190539 ], [ 876139.84414157923311, 1376224.65092983096838 ], [ 876140.770741580054164, 1376232.282929830253124 ], [ 876141.483541579917073, 1376240.084129830822349 ], [ 876142.154141579754651, 1376246.922729829326272 ], [ 876140.577341579832137, 1376247.109729830175638 ], [ 876141.360141579993069, 1376255.0121298301965 ], [ 876143.167941579595208, 1376254.812929829582572 ], [ 876143.648541579954326, 1376259.344129830598831 ], [ 876143.176541579887271, 1376259.392529830336571 ], [ 876143.668541579507291, 1376264.10812982916832 ], [ 876143.162741580046713, 1376264.149729829281569 ], [ 876144.258341579698026, 1376273.973329830914736 ], [ 876145.159741579554975, 1376282.056329829618335 ], [ 876146.293941579759121, 1376291.035129830241203 ], [ 876147.506941579282284, 1376300.638329830020666 ], [ 876146.787741580046713, 1376300.726929830387235 ], [ 876148.068741579540074, 1376310.96372983045876 ], [ 876149.011341579258442, 1376318.495129829272628 ], [ 876149.762141579762101, 1376324.49412983097136 ], [ 876148.86514157988131, 1376324.595529830083251 ], [ 876149.352541579864919, 1376329.19992982968688 ], [ 876153.208941579796374, 1376351.05072982981801 ], [ 876154.650341579690576, 1376361.52032982930541 ], [ 876155.236341579817235, 1376365.7773298304528 ], [ 876155.532741579227149, 1376367.931129829958081 ], [ 876156.302941579371691, 1376373.525329830124974 ], [ 876156.911341579630971, 1376379.00452983006835 ], [ 876158.009541579522192, 1376388.891329830512404 ], [ 876158.643141579814255, 1376394.596529830247164 ], [ 876159.547141579911113, 1376402.248129829764366 ], [ 876159.649341579526663, 1376410.829329829663038 ], [ 876159.676941579207778, 1376413.132129829376936 ], [ 876170.148541579954326, 1376415.116929830983281 ], [ 876172.759141579270363, 1376415.043529830873013 ], [ 876172.7961415797472, 1376416.475929830223322 ], [ 876173.751941579394042, 1376416.457729829475284 ], [ 876173.751941579394042, 1376417.467729829251766 ], [ 876174.306941580027342, 1376417.444929830729961 ], [ 876175.775341579690576, 1376417.384129829704762 ], [ 876175.77334157936275, 1376418.922129830345511 ], [ 876183.009941579774022, 1376421.896329829469323 ], [ 876191.633741579949856, 1376425.440729830414057 ], [ 876202.009941579774022, 1376429.309329830110073 ], [ 876229.63214157987386, 1376447.283929830417037 ], [ 876253.942541579715908, 1376446.962929829955101 ], [ 876255.019941579550505, 1376446.948729829862714 ], [ 876256.274341579526663, 1376446.852729830890894 ], [ 876268.298141580075026, 1376445.932929830625653 ], [ 876289.29574157949537, 1376444.195729829370975 ], [ 876314.196141580119729, 1376442.205929830670357 ], [ 876324.419741579331458, 1376441.547329830005765 ], [ 876324.583541579544544, 1376442.929529830813408 ], [ 876330.448341580107808, 1376442.325529830530286 ], [ 876330.550741579383612, 1376443.343729829415679 ], [ 876330.565941579639912, 1376443.494729829952121 ], [ 876336.54574157949537, 1376443.200329830870032 ], [ 876340.072941579855978, 1376443.013129830360413 ], [ 876343.043341579847038, 1376442.855729829519987 ], [ 876346.249341580085456, 1376442.685729829594493 ], [ 876347.988741579465568, 1376442.51972983032465 ], [ 876354.184541579335928, 1376441.928329830989242 ], [ 876362.181941580027342, 1376441.164929829537868 ], [ 876362.219341579824686, 1376439.08952983096242 ], [ 876367.450541580095887, 1376438.794929830357432 ], [ 876379.256941579282284, 1376438.130329830572009 ], [ 876379.21914157923311, 1376436.661729829385877 ], [ 876380.423941579647362, 1376436.642729829996824 ], [ 876384.120741579681635, 1376436.584929829463363 ], [ 876385.658341580070555, 1376436.503329830244184 ], [ 876392.825141579844058, 1376436.123129829764366 ], [ 876394.259741580113769, 1376436.046929830685258 ], [ 876400.283141579478979, 1376435.727729830890894 ], [ 876411.906541579402983, 1376435.084929829463363 ], [ 876431.110341579653323, 1376433.10392983071506 ], [ 876436.007941579446197, 1376432.565329829230905 ], [ 876448.953341579996049, 1376430.576729830354452 ], [ 876453.634941579774022, 1376430.06672983057797 ], [ 876457.501941579394042, 1376429.645529830828309 ], [ 876458.128941579721868, 1376429.577329829335213 ], [ 876458.133941579610109, 1376429.683129830285907 ] ] ] ] } },
{ "type": "Feature", "properties": { "NOM_BARRIO": "EL PALMAR", "BARRIO": "042", "PK_BARRIO": "1541001042", "MUNICIPIO": "154", "SECTOR": "1", "CORREGIMIE": "001", "SHAPE_Leng": 1510.6843378399999, "SHAPE_Area": 104044.48613600001 }, "geometry": { "type": "MultiPolygon", "coordinates": [ [ [ [ 876380.980741580016911, 1376426.252129830420017 ], [ 876408.177541580051184, 1376427.952529830858111 ], [ 876431.081541579216719, 1376427.078329829499125 ], [ 876452.761941580101848, 1376424.805529830977321 ], [ 876460.444541580043733, 1376423.999929830431938 ], [ 876462.394941579550505, 1376437.114729830995202 ], [ 876465.935541579499841, 1376466.208529829978943 ], [ 876514.512741579674184, 1376385.514729829505086 ], [ 876522.001141579821706, 1376373.075329830870032 ], [ 876600.850741579197347, 1376245.198929829522967 ], [ 876644.120941579341888, 1376175.968329830095172 ], [ 876680.797141579911113, 1376110.044129829853773 ], [ 876702.773541579954326, 1376074.927529830485582 ], [ 876723.431341580115259, 1376040.249929830431938 ], [ 876741.175941579975188, 1375997.536129830405116 ], [ 876705.412741580046713, 1375999.233329830691218 ], [ 876654.82794157974422, 1376000.539929829537868 ], [ 876605.115341579541564, 1376004.024129830300808 ], [ 876566.304741580039263, 1376011.427729830145836 ], [ 876517.034941579215229, 1376019.367129830643535 ], [ 876352.322941579855978, 1376040.804529830813408 ], [ 876316.419141579419374, 1376044.941929830238223 ], [ 876324.379541579633951, 1376095.939929829910398 ], [ 876332.631541579961777, 1376144.982929829508066 ], [ 876361.70294157974422, 1376142.529529830440879 ], [ 876382.321741580031812, 1376305.458129830658436 ], [ 876387.300341580063105, 1376358.820729829370975 ], [ 876388.278141579590738, 1376374.444529829546809 ], [ 876387.135141579434276, 1376380.152729829773307 ], [ 876386.648541579954326, 1376382.58192983083427 ], [ 876381.10794158000499, 1376413.504329830408096 ], [ 876380.980741580016911, 1376426.252129830420017 ] ] ] ] } }
]
}
